occupancy,group,value
LULC,Casual,1
LULC,Casual,1
LULC,Casual,1
LULC,Casual,1
LULC,Casual,1
LULC,Casual,1
LULC,Casual,1
LULC,Casual,1
LULC,Casual,1
LULC,Casual,1
LULC,Casual,2
LULC,Casual,2
LULC,Casual,1
LULC,Casual,17
LULC,Casual,3
LULC,Casual,1
LULC,Casual,1
LULC,Casual,3
LULC,Casual,2
LULC,Casual,7
LULC,Casual,1
LULC,Casual,2
LULC,Casual,1
LULC,Casual,2
LULC,Casual,1
LULC,Casual,5
LULC,Casual,2
LULC,Casual,2
LULC,Casual,9
LULC,Casual,1
LULC,Casual,4
LULC,Casual,4
LULC,Casual,2
LULC,Casual,3
LULC,Casual,4
LULC,Casual,16
LULC,Casual,7
LULC,Casual,7
LULC,Casual,1
LULC,Casual,2
LULC,Casual,1
LULC,Casual,1
LULC,Casual,4
LULC,Casual,1
LULC,Casual,1
LULC,Casual,15
LULC,Casual,1
LULC,Casual,1
LULC,Casual,4
LULC,Casual,3
LULC,Casual,3
LULC,Casual,15
LULC,Casual,2
LULC,Casual,6
LULC,Casual,4
LULC,Casual,1
LULC,Casual,3
LULC,Casual,4
LULC,Casual,4
LULC,Casual,1
LULC,Casual,13
LULC,Casual,1
LULC,Casual,3
LULC,Casual,5
LULC,Casual,13
LULC,Casual,3
LULC,Casual,1
LULC,Casual,2
LULC,Casual,2
LULC,Casual,4
LULC,Casual,5
LULC,Casual,15
LULC,Casual,19
LULC,Casual,11
LULC,Casual,2
LULC,Casual,1
LULC,Casual,1
LULC,Casual,4
LULC,Casual,1
LULC,Casual,1
LULC,Casual,10
LULC,Casual,4
LULC,Casual,1
LULC,Casual,1
LULC,Casual,1
LULC,Casual,1
LULC,Casual,1
LULC,Casual,2
LULC,Casual,11
LULC,Casual,10
LULC,Casual,14
LULC,Casual,3
LULC,Casual,14
LULC,Casual,2
LULC,Casual,1
LULC,Casual,1
LULC,Casual,1
LULC,Casual,1
LULC,Casual,6
LULC,Casual,1
LULC,Casual,5
LULC,Casual,1
LULC,Casual,2
LULC,Casual,3
LULC,Casual,1
LULC,Casual,3
LULC,Casual,4
LULC,Casual,1
LULC,Casual,1
LULC,Casual,5
LULC,Casual,5
LULC,Casual,20
LULC,Casual,7
LULC,Casual,17
LULC,Casual,8
LULC,Casual,1
LULC,Casual,4
LULC,Casual,1
LULC,Casual,1
LULC,Casual,1
LULC,Casual,9
LULC,Casual,9
LULC,Casual,7
LULC,Casual,1
LULC,Casual,1
LULC,Casual,4
LULC,Casual,1
LULC,Casual,18
LULC,Casual,7
LULC,Casual,4
LULC,Casual,22
LULC,Casual,1
LULC,Casual,2
LULC,Casual,8
LULC,Casual,13
LULC,Casual,2
LULC,Casual,3
LULC,Casual,1
LULC,Casual,2
LULC,Casual,1
LULC,Casual,6
LULC,Casual,3
LULC,Casual,10
LULC,Casual,1
LULC,Casual,6
LULC,Casual,1
LULC,Casual,6
LULC,Casual,1
LULC,Casual,4
LULC,Casual,4
LULC,Casual,2
LULC,Casual,1
LULC,Casual,2
LULC,Casual,5
LULC,Casual,1
LULC,Casual,1
LULC,Casual,1
LULC,Casual,1
LULC,Casual,1
LULC,Casual,1
LULC,Casual,6
LULC,Casual,1
LULC,Casual,1
LULC,Casual,3
LULC,Casual,1
LULC,Casual,6
LULC,Casual,1
LULC,Casual,8
LULC,Casual,3
LULC,Casual,1
LULC,Casual,8
LULC,Casual,2
LULC,Casual,1
LULC,Casual,4
LULC,Casual,2
LULC,Casual,3
LULC,Casual,1
LULC,Casual,6
LULC,Casual,3
LULC,Casual,1
LULC,Casual,1
LULC,Casual,2
LULC,Casual,3
LULC,Casual,6
LULC,Casual,1
LULC,Casual,1
LULC,Casual,1
LULC,Casual,8
LULC,Casual,6
LULC,Casual,13
LULC,Casual,1
LULC,Casual,3
LULC,Casual,1
LULC,Casual,4
LULC,Casual,3
LULC,Casual,1
LULC,Casual,17
LULC,Casual,1
LULC,Casual,2
LULC,Casual,1
LULC,Casual,1
LULC,Casual,4
LULC,Casual,1
LULC,Casual,2
LULC,Casual,1
LULC,Casual,3
LULC,Casual,1
LULC,Casual,1
LULC,Casual,3
LULC,Casual,1
LULC,Casual,1
LULC,Casual,2
LULC,Casual,1
LULC,Casual,3
LULC,Casual,4
LULC,Casual,7
LULC,Casual,1
LULC,Casual,2
LULC,Casual,1
LULC,Casual,9
LULC,Casual,1
LULC,Casual,9
LULC,Casual,1
LULC,Casual,1
LULC,Casual,15
LULC,Casual,4
LULC,Casual,1
LULC,Casual,2
LULC,Casual,1
LULC,Casual,1
LULC,Casual,5
LULC,Casual,2
LULC,Casual,2
LULC,Casual,3
LULC,Casual,1
LULC,Casual,1
LULC,Casual,9
LULC,Casual,1
LULC,Casual,18
LULC,Casual,12
LULC,Casual,2
LULC,Casual,4
LULC,Casual,1
LULC,Casual,1
LULC,Casual,13
LULC,Casual,3
LULC,Casual,1
LULC,Casual,19
LULC,Casual,1
LULC,Casual,1
LULC,Casual,10
LULC,Casual,3
LULC,Casual,1
LULC,Casual,1
LULC,Casual,2
LULC,Casual,1
LULC,Casual,1
LULC,Casual,12
LULC,Casual,1
LULC,Casual,2
LULC,Casual,6
LULC,Casual,3
LULC,Casual,3
LULC,Casual,3
LULC,Casual,9
LULC,Casual,7
Anthrome,Casual,1
Anthrome,Casual,3
Anthrome,Casual,1
Anthrome,Casual,1
Anthrome,Casual,1
Anthrome,Casual,2
Anthrome,Casual,1
Anthrome,Casual,1
Anthrome,Casual,1
Anthrome,Casual,1
Anthrome,Casual,2
Anthrome,Casual,2
Anthrome,Casual,1
Anthrome,Casual,10
Anthrome,Casual,3
Anthrome,Casual,1
Anthrome,Casual,1
Anthrome,Casual,3
Anthrome,Casual,4
Anthrome,Casual,9
Anthrome,Casual,1
Anthrome,Casual,1
Anthrome,Casual,4
Anthrome,Casual,1
Anthrome,Casual,4
Anthrome,Casual,2
Anthrome,Casual,2
Anthrome,Casual,8
Anthrome,Casual,1
Anthrome,Casual,7
Anthrome,Casual,5
Anthrome,Casual,2
Anthrome,Casual,3
Anthrome,Casual,4
Anthrome,Casual,10
Anthrome,Casual,9
Anthrome,Casual,8
Anthrome,Casual,1
Anthrome,Casual,2
Anthrome,Casual,1
Anthrome,Casual,1
Anthrome,Casual,2
Anthrome,Casual,1
Anthrome,Casual,1
Anthrome,Casual,11
Anthrome,Casual,1
Anthrome,Casual,1
Anthrome,Casual,3
Anthrome,Casual,6
Anthrome,Casual,3
Anthrome,Casual,9
Anthrome,Casual,2
Anthrome,Casual,5
Anthrome,Casual,3
Anthrome,Casual,1
Anthrome,Casual,3
Anthrome,Casual,3
Anthrome,Casual,5
Anthrome,Casual,2
Anthrome,Casual,8
Anthrome,Casual,1
Anthrome,Casual,3
Anthrome,Casual,4
Anthrome,Casual,10
Anthrome,Casual,3
Anthrome,Casual,2
Anthrome,Casual,2
Anthrome,Casual,6
Anthrome,Casual,5
Anthrome,Casual,8
Anthrome,Casual,11
Anthrome,Casual,1
Anthrome,Casual,10
Anthrome,Casual,2
Anthrome,Casual,1
Anthrome,Casual,1
Anthrome,Casual,6
Anthrome,Casual,1
Anthrome,Casual,13
Anthrome,Casual,1
Anthrome,Casual,4
Anthrome,Casual,1
Anthrome,Casual,1
Anthrome,Casual,1
Anthrome,Casual,1
Anthrome,Casual,1
Anthrome,Casual,2
Anthrome,Casual,8
Anthrome,Casual,12
Anthrome,Casual,8
Anthrome,Casual,4
Anthrome,Casual,10
Anthrome,Casual,2
Anthrome,Casual,1
Anthrome,Casual,1
Anthrome,Casual,1
Anthrome,Casual,1
Anthrome,Casual,3
Anthrome,Casual,1
Anthrome,Casual,4
Anthrome,Casual,2
Anthrome,Casual,2
Anthrome,Casual,2
Anthrome,Casual,1
Anthrome,Casual,2
Anthrome,Casual,5
Anthrome,Casual,1
Anthrome,Casual,1
Anthrome,Casual,1
Anthrome,Casual,7
Anthrome,Casual,5
Anthrome,Casual,12
Anthrome,Casual,5
Anthrome,Casual,10
Anthrome,Casual,4
Anthrome,Casual,1
Anthrome,Casual,7
Anthrome,Casual,1
Anthrome,Casual,1
Anthrome,Casual,1
Anthrome,Casual,11
Anthrome,Casual,8
Anthrome,Casual,6
Anthrome,Casual,1
Anthrome,Casual,1
Anthrome,Casual,4
Anthrome,Casual,1
Anthrome,Casual,12
Anthrome,Casual,5
Anthrome,Casual,6
Anthrome,Casual,11
Anthrome,Casual,1
Anthrome,Casual,3
Anthrome,Casual,6
Anthrome,Casual,8
Anthrome,Casual,3
Anthrome,Casual,3
Anthrome,Casual,1
Anthrome,Casual,3
Anthrome,Casual,1
Anthrome,Casual,7
Anthrome,Casual,3
Anthrome,Casual,1
Anthrome,Casual,6
Anthrome,Casual,1
Anthrome,Casual,6
Anthrome,Casual,1
Anthrome,Casual,5
Anthrome,Casual,1
Anthrome,Casual,4
Anthrome,Casual,5
Anthrome,Casual,2
Anthrome,Casual,1
Anthrome,Casual,1
Anthrome,Casual,1
Anthrome,Casual,7
Anthrome,Casual,1
Anthrome,Casual,1
Anthrome,Casual,1
Anthrome,Casual,1
Anthrome,Casual,1
Anthrome,Casual,1
Anthrome,Casual,5
Anthrome,Casual,1
Anthrome,Casual,4
Anthrome,Casual,1
Anthrome,Casual,7
Anthrome,Casual,1
Anthrome,Casual,9
Anthrome,Casual,2
Anthrome,Casual,1
Anthrome,Casual,7
Anthrome,Casual,2
Anthrome,Casual,1
Anthrome,Casual,3
Anthrome,Casual,1
Anthrome,Casual,4
Anthrome,Casual,1
Anthrome,Casual,4
Anthrome,Casual,3
Anthrome,Casual,1
Anthrome,Casual,1
Anthrome,Casual,1
Anthrome,Casual,4
Anthrome,Casual,4
Anthrome,Casual,1
Anthrome,Casual,1
Anthrome,Casual,1
Anthrome,Casual,5
Anthrome,Casual,3
Anthrome,Casual,7
Anthrome,Casual,1
Anthrome,Casual,3
Anthrome,Casual,1
Anthrome,Casual,3
Anthrome,Casual,2
Anthrome,Casual,1
Anthrome,Casual,10
Anthrome,Casual,1
Anthrome,Casual,2
Anthrome,Casual,1
Anthrome,Casual,2
Anthrome,Casual,6
Anthrome,Casual,1
Anthrome,Casual,1
Anthrome,Casual,1
Anthrome,Casual,1
Anthrome,Casual,1
Anthrome,Casual,1
Anthrome,Casual,2
Anthrome,Casual,1
Anthrome,Casual,1
Anthrome,Casual,4
Anthrome,Casual,1
Anthrome,Casual,4
Anthrome,Casual,2
Anthrome,Casual,9
Anthrome,Casual,1
Anthrome,Casual,1
Anthrome,Casual,1
Anthrome,Casual,9
Anthrome,Casual,1
Anthrome,Casual,7
Anthrome,Casual,3
Anthrome,Casual,2
Anthrome,Casual,12
Anthrome,Casual,4
Anthrome,Casual,1
Anthrome,Casual,1
Anthrome,Casual,1
Anthrome,Casual,1
Anthrome,Casual,3
Anthrome,Casual,2
Anthrome,Casual,1
Anthrome,Casual,2
Anthrome,Casual,3
Anthrome,Casual,1
Anthrome,Casual,1
Anthrome,Casual,8
Anthrome,Casual,1
Anthrome,Casual,13
Anthrome,Casual,8
Anthrome,Casual,2
Anthrome,Casual,4
Anthrome,Casual,1
Anthrome,Casual,1
Anthrome,Casual,9
Anthrome,Casual,4
Anthrome,Casual,1
Anthrome,Casual,10
Anthrome,Casual,2
Anthrome,Casual,2
Anthrome,Casual,6
Anthrome,Casual,1
Anthrome,Casual,2
Anthrome,Casual,1
Anthrome,Casual,1
Anthrome,Casual,4
Anthrome,Casual,1
Anthrome,Casual,1
Anthrome,Casual,10
Anthrome,Casual,1
Anthrome,Casual,2
Anthrome,Casual,6
Anthrome,Casual,5
Anthrome,Casual,2
Anthrome,Casual,2
Anthrome,Casual,6
Anthrome,Casual,5
Ecoregion,Casual,1
Ecoregion,Casual,1
Ecoregion,Casual,1
Ecoregion,Casual,1
Ecoregion,Casual,1
Ecoregion,Casual,2
Ecoregion,Casual,1
Ecoregion,Casual,1
Ecoregion,Casual,1
Ecoregion,Casual,1
Ecoregion,Casual,1
Ecoregion,Casual,2
Ecoregion,Casual,1
Ecoregion,Casual,28
Ecoregion,Casual,3
Ecoregion,Casual,1
Ecoregion,Casual,1
Ecoregion,Casual,1
Ecoregion,Casual,3
Ecoregion,Casual,11
Ecoregion,Casual,1
Ecoregion,Casual,2
Ecoregion,Casual,1
Ecoregion,Casual,4
Ecoregion,Casual,1
Ecoregion,Casual,5
Ecoregion,Casual,2
Ecoregion,Casual,2
Ecoregion,Casual,13
Ecoregion,Casual,1
Ecoregion,Casual,3
Ecoregion,Casual,5
Ecoregion,Casual,2
Ecoregion,Casual,3
Ecoregion,Casual,8
Ecoregion,Casual,22
Ecoregion,Casual,11
Ecoregion,Casual,7
Ecoregion,Casual,1
Ecoregion,Casual,2
Ecoregion,Casual,1
Ecoregion,Casual,1
Ecoregion,Casual,3
Ecoregion,Casual,1
Ecoregion,Casual,1
Ecoregion,Casual,25
Ecoregion,Casual,1
Ecoregion,Casual,1
Ecoregion,Casual,4
Ecoregion,Casual,6
Ecoregion,Casual,4
Ecoregion,Casual,22
Ecoregion,Casual,2
Ecoregion,Casual,4
Ecoregion,Casual,7
Ecoregion,Casual,1
Ecoregion,Casual,3
Ecoregion,Casual,2
Ecoregion,Casual,5
Ecoregion,Casual,2
Ecoregion,Casual,23
Ecoregion,Casual,1
Ecoregion,Casual,3
Ecoregion,Casual,4
Ecoregion,Casual,14
Ecoregion,Casual,2
Ecoregion,Casual,1
Ecoregion,Casual,3
Ecoregion,Casual,2
Ecoregion,Casual,8
Ecoregion,Casual,7
Ecoregion,Casual,23
Ecoregion,Casual,27
Ecoregion,Casual,1
Ecoregion,Casual,22
Ecoregion,Casual,4
Ecoregion,Casual,1
Ecoregion,Casual,1
Ecoregion,Casual,9
Ecoregion,Casual,1
Ecoregion,Casual,1
Ecoregion,Casual,5
Ecoregion,Casual,10
Ecoregion,Casual,1
Ecoregion,Casual,1
Ecoregion,Casual,1
Ecoregion,Casual,2
Ecoregion,Casual,1
Ecoregion,Casual,19
Ecoregion,Casual,18
Ecoregion,Casual,25
Ecoregion,Casual,4
Ecoregion,Casual,7
Ecoregion,Casual,2
Ecoregion,Casual,1
Ecoregion,Casual,1
Ecoregion,Casual,1
Ecoregion,Casual,1
Ecoregion,Casual,9
Ecoregion,Casual,1
Ecoregion,Casual,6
Ecoregion,Casual,2
Ecoregion,Casual,2
Ecoregion,Casual,3
Ecoregion,Casual,1
Ecoregion,Casual,3
Ecoregion,Casual,4
Ecoregion,Casual,1
Ecoregion,Casual,1
Ecoregion,Casual,1
Ecoregion,Casual,11
Ecoregion,Casual,10
Ecoregion,Casual,29
Ecoregion,Casual,10
Ecoregion,Casual,11
Ecoregion,Casual,8
Ecoregion,Casual,1
Ecoregion,Casual,11
Ecoregion,Casual,1
Ecoregion,Casual,1
Ecoregion,Casual,1
Ecoregion,Casual,14
Ecoregion,Casual,13
Ecoregion,Casual,10
Ecoregion,Casual,1
Ecoregion,Casual,1
Ecoregion,Casual,1
Ecoregion,Casual,6
Ecoregion,Casual,1
Ecoregion,Casual,27
Ecoregion,Casual,6
Ecoregion,Casual,3
Ecoregion,Casual,14
Ecoregion,Casual,1
Ecoregion,Casual,1
Ecoregion,Casual,7
Ecoregion,Casual,17
Ecoregion,Casual,3
Ecoregion,Casual,3
Ecoregion,Casual,1
Ecoregion,Casual,3
Ecoregion,Casual,1
Ecoregion,Casual,7
Ecoregion,Casual,2
Ecoregion,Casual,1
Ecoregion,Casual,13
Ecoregion,Casual,1
Ecoregion,Casual,12
Ecoregion,Casual,1
Ecoregion,Casual,9
Ecoregion,Casual,1
Ecoregion,Casual,6
Ecoregion,Casual,6
Ecoregion,Casual,1
Ecoregion,Casual,1
Ecoregion,Casual,1
Ecoregion,Casual,5
Ecoregion,Casual,7
Ecoregion,Casual,1
Ecoregion,Casual,1
Ecoregion,Casual,1
Ecoregion,Casual,1
Ecoregion,Casual,1
Ecoregion,Casual,1
Ecoregion,Casual,7
Ecoregion,Casual,1
Ecoregion,Casual,1
Ecoregion,Casual,6
Ecoregion,Casual,1
Ecoregion,Casual,4
Ecoregion,Casual,1
Ecoregion,Casual,14
Ecoregion,Casual,3
Ecoregion,Casual,1
Ecoregion,Casual,12
Ecoregion,Casual,2
Ecoregion,Casual,1
Ecoregion,Casual,3
Ecoregion,Casual,2
Ecoregion,Casual,3
Ecoregion,Casual,1
Ecoregion,Casual,2
Ecoregion,Casual,3
Ecoregion,Casual,1
Ecoregion,Casual,1
Ecoregion,Casual,2
Ecoregion,Casual,4
Ecoregion,Casual,3
Ecoregion,Casual,1
Ecoregion,Casual,1
Ecoregion,Casual,1
Ecoregion,Casual,8
Ecoregion,Casual,6
Ecoregion,Casual,15
Ecoregion,Casual,1
Ecoregion,Casual,2
Ecoregion,Casual,1
Ecoregion,Casual,3
Ecoregion,Casual,3
Ecoregion,Casual,1
Ecoregion,Casual,24
Ecoregion,Casual,1
Ecoregion,Casual,2
Ecoregion,Casual,1
Ecoregion,Casual,1
Ecoregion,Casual,8
Ecoregion,Casual,1
Ecoregion,Casual,2
Ecoregion,Casual,1
Ecoregion,Casual,1
Ecoregion,Casual,1
Ecoregion,Casual,1
Ecoregion,Casual,2
Ecoregion,Casual,1
Ecoregion,Casual,1
Ecoregion,Casual,4
Ecoregion,Casual,1
Ecoregion,Casual,5
Ecoregion,Casual,4
Ecoregion,Casual,7
Ecoregion,Casual,1
Ecoregion,Casual,2
Ecoregion,Casual,1
Ecoregion,Casual,9
Ecoregion,Casual,1
Ecoregion,Casual,6
Ecoregion,Casual,3
Ecoregion,Casual,2
Ecoregion,Casual,25
Ecoregion,Casual,3
Ecoregion,Casual,1
Ecoregion,Casual,2
Ecoregion,Casual,2
Ecoregion,Casual,1
Ecoregion,Casual,4
Ecoregion,Casual,2
Ecoregion,Casual,1
Ecoregion,Casual,2
Ecoregion,Casual,3
Ecoregion,Casual,1
Ecoregion,Casual,1
Ecoregion,Casual,11
Ecoregion,Casual,1
Ecoregion,Casual,30
Ecoregion,Casual,15
Ecoregion,Casual,2
Ecoregion,Casual,7
Ecoregion,Casual,1
Ecoregion,Casual,1
Ecoregion,Casual,20
Ecoregion,Casual,3
Ecoregion,Casual,1
Ecoregion,Casual,13
Ecoregion,Casual,2
Ecoregion,Casual,2
Ecoregion,Casual,12
Ecoregion,Casual,1
Ecoregion,Casual,3
Ecoregion,Casual,1
Ecoregion,Casual,1
Ecoregion,Casual,4
Ecoregion,Casual,1
Ecoregion,Casual,1
Ecoregion,Casual,17
Ecoregion,Casual,1
Ecoregion,Casual,2
Ecoregion,Casual,6
Ecoregion,Casual,5
Ecoregion,Casual,3
Ecoregion,Casual,4
Ecoregion,Casual,13
Ecoregion,Casual,8
Habitat,Casual,6
Habitat,Casual,14
Habitat,Casual,7
Habitat,Casual,5
Habitat,Casual,5
Habitat,Casual,2
Habitat,Casual,10
Habitat,Casual,5
Habitat,Casual,3
Habitat,Casual,1
Habitat,Casual,3
Habitat,Casual,7
Habitat,Casual,11
Habitat,Casual,4
Habitat,Casual,5
Habitat,Casual,5
Habitat,Casual,3
Habitat,Casual,8
Habitat,Casual,11
Habitat,Casual,12
Habitat,Casual,2
Habitat,Casual,7
Habitat,Casual,9
Habitat,Casual,5
Habitat,Casual,1
Habitat,Casual,2
Habitat,Casual,3
Habitat,Casual,6
Habitat,Casual,6
Habitat,Casual,6
Habitat,Casual,8
Habitat,Casual,7
Habitat,Casual,7
Habitat,Casual,3
Habitat,Casual,7
Habitat,Casual,7
Habitat,Casual,5
Habitat,Casual,16
Habitat,Casual,12
Habitat,Casual,4
Habitat,Casual,7
Habitat,Casual,8
Habitat,Casual,4
Habitat,Casual,7
Habitat,Casual,6
Habitat,Casual,10
Habitat,Casual,5
Habitat,Casual,6
Habitat,Casual,1
Habitat,Casual,8
Habitat,Casual,4
Habitat,Casual,3
Habitat,Casual,8
Habitat,Casual,10
Habitat,Casual,9
Habitat,Casual,6
Habitat,Casual,7
Habitat,Casual,4
Habitat,Casual,4
Habitat,Casual,6
Habitat,Casual,5
Habitat,Casual,4
Habitat,Casual,7
Habitat,Casual,6
Habitat,Casual,7
Habitat,Casual,7
Habitat,Casual,3
Habitat,Casual,6
Habitat,Casual,8
Habitat,Casual,9
Habitat,Casual,6
Habitat,Casual,3
Habitat,Casual,3
Habitat,Casual,3
Habitat,Casual,7
Habitat,Casual,7
Habitat,Casual,1
Habitat,Casual,8
Habitat,Casual,4
Habitat,Casual,10
Habitat,Casual,9
Habitat,Casual,8
Habitat,Casual,5
Habitat,Casual,5
Habitat,Casual,5
Habitat,Casual,4
Habitat,Casual,4
Habitat,Casual,1
Habitat,Casual,7
Habitat,Casual,7
Habitat,Casual,5
Habitat,Casual,8
Habitat,Casual,12
Habitat,Casual,7
Habitat,Casual,5
Habitat,Casual,6
Habitat,Casual,9
Habitat,Casual,8
Habitat,Casual,9
Habitat,Casual,4
Habitat,Casual,12
Habitat,Casual,7
Habitat,Casual,6
Habitat,Casual,4
Habitat,Casual,9
Habitat,Casual,7
Habitat,Casual,11
Habitat,Casual,10
Habitat,Casual,10
Habitat,Casual,4
Habitat,Casual,5
Habitat,Casual,5
Habitat,Casual,4
Habitat,Casual,9
Habitat,Casual,7
Habitat,Casual,3
Habitat,Casual,10
Habitat,Casual,10
Habitat,Casual,13
Habitat,Casual,7
Habitat,Casual,7
Habitat,Casual,11
Habitat,Casual,9
Habitat,Casual,6
Habitat,Casual,1
Habitat,Casual,9
Habitat,Casual,7
Habitat,Casual,7
Habitat,Casual,7
Habitat,Casual,4
Habitat,Casual,6
Habitat,Casual,8
Habitat,Casual,3
Habitat,Casual,6
Habitat,Casual,8
Habitat,Casual,6
Habitat,Casual,13
LULC,Cryptogenic,2
LULC,Cryptogenic,1
LULC,Cryptogenic,7
LULC,Cryptogenic,3
LULC,Cryptogenic,3
LULC,Cryptogenic,1
LULC,Cryptogenic,1
LULC,Cryptogenic,1
LULC,Cryptogenic,3
LULC,Cryptogenic,1
Anthrome,Cryptogenic,3
Anthrome,Cryptogenic,2
Anthrome,Cryptogenic,7
Anthrome,Cryptogenic,8
Anthrome,Cryptogenic,4
Anthrome,Cryptogenic,1
Anthrome,Cryptogenic,1
Anthrome,Cryptogenic,1
Anthrome,Cryptogenic,3
Anthrome,Cryptogenic,1
Ecoregion,Cryptogenic,4
Ecoregion,Cryptogenic,2
Ecoregion,Cryptogenic,8
Ecoregion,Cryptogenic,9
Ecoregion,Cryptogenic,2
Ecoregion,Cryptogenic,1
Ecoregion,Cryptogenic,1
Ecoregion,Cryptogenic,1
Ecoregion,Cryptogenic,3
Ecoregion,Cryptogenic,1
Habitat,Cryptogenic,6
Habitat,Cryptogenic,11
Habitat,Cryptogenic,11
Habitat,Cryptogenic,13
LULC,Invasive,7
LULC,Invasive,8
LULC,Invasive,4
LULC,Invasive,2
LULC,Invasive,3
LULC,Invasive,2
LULC,Invasive,3
LULC,Invasive,9
LULC,Invasive,3
LULC,Invasive,12
LULC,Invasive,9
LULC,Invasive,2
LULC,Invasive,4
LULC,Invasive,3
LULC,Invasive,5
LULC,Invasive,1
LULC,Invasive,6
LULC,Invasive,4
LULC,Invasive,7
LULC,Invasive,2
LULC,Invasive,3
LULC,Invasive,1
LULC,Invasive,13
LULC,Invasive,15
LULC,Invasive,1
LULC,Invasive,16
LULC,Invasive,1
LULC,Invasive,1
LULC,Invasive,7
LULC,Invasive,12
LULC,Invasive,3
LULC,Invasive,1
LULC,Invasive,8
LULC,Invasive,12
LULC,Invasive,16
LULC,Invasive,1
LULC,Invasive,1
LULC,Invasive,10
LULC,Invasive,1
LULC,Invasive,4
LULC,Invasive,25
LULC,Invasive,14
LULC,Invasive,2
LULC,Invasive,19
LULC,Invasive,13
LULC,Invasive,3
LULC,Invasive,12
LULC,Invasive,11
LULC,Invasive,5
LULC,Invasive,3
LULC,Invasive,7
LULC,Invasive,1
LULC,Invasive,9
LULC,Invasive,7
LULC,Invasive,3
LULC,Invasive,5
LULC,Invasive,1
LULC,Invasive,2
LULC,Invasive,1
LULC,Invasive,5
LULC,Invasive,12
LULC,Invasive,17
LULC,Invasive,2
LULC,Invasive,18
LULC,Invasive,10
LULC,Invasive,13
LULC,Invasive,14
LULC,Invasive,16
LULC,Invasive,5
LULC,Invasive,8
LULC,Invasive,10
LULC,Invasive,2
LULC,Invasive,3
LULC,Invasive,14
LULC,Invasive,10
LULC,Invasive,16
LULC,Invasive,2
LULC,Invasive,3
LULC,Invasive,8
LULC,Invasive,7
LULC,Invasive,4
LULC,Invasive,12
LULC,Invasive,1
LULC,Invasive,3
LULC,Invasive,12
LULC,Invasive,14
LULC,Invasive,9
LULC,Invasive,18
LULC,Invasive,15
LULC,Invasive,12
LULC,Invasive,3
LULC,Invasive,20
LULC,Invasive,7
LULC,Invasive,3
LULC,Invasive,6
LULC,Invasive,4
LULC,Invasive,2
LULC,Invasive,2
LULC,Invasive,4
LULC,Invasive,3
LULC,Invasive,1
LULC,Invasive,5
LULC,Invasive,7
LULC,Invasive,7
LULC,Invasive,5
LULC,Invasive,5
LULC,Invasive,6
LULC,Invasive,1
LULC,Invasive,18
LULC,Invasive,20
LULC,Invasive,5
LULC,Invasive,15
LULC,Invasive,11
LULC,Invasive,4
LULC,Invasive,4
LULC,Invasive,2
LULC,Invasive,18
LULC,Invasive,3
LULC,Invasive,11
LULC,Invasive,12
LULC,Invasive,14
LULC,Invasive,13
LULC,Invasive,14
LULC,Invasive,6
LULC,Invasive,3
LULC,Invasive,8
LULC,Invasive,2
LULC,Invasive,12
LULC,Invasive,10
LULC,Invasive,7
LULC,Invasive,22
LULC,Invasive,9
LULC,Invasive,1
LULC,Invasive,18
LULC,Invasive,18
LULC,Invasive,6
LULC,Invasive,9
LULC,Invasive,10
LULC,Invasive,5
LULC,Invasive,9
LULC,Invasive,11
LULC,Invasive,3
LULC,Invasive,9
LULC,Invasive,3
LULC,Invasive,8
LULC,Invasive,3
LULC,Invasive,10
LULC,Invasive,3
LULC,Invasive,7
LULC,Invasive,12
LULC,Invasive,18
LULC,Invasive,11
LULC,Invasive,3
LULC,Invasive,10
LULC,Invasive,3
LULC,Invasive,1
LULC,Invasive,16
LULC,Invasive,1
LULC,Invasive,12
LULC,Invasive,3
LULC,Invasive,8
LULC,Invasive,1
LULC,Invasive,17
LULC,Invasive,11
LULC,Invasive,15
LULC,Invasive,5
LULC,Invasive,11
LULC,Invasive,14
LULC,Invasive,5
LULC,Invasive,8
LULC,Invasive,7
LULC,Invasive,3
LULC,Invasive,5
LULC,Invasive,7
LULC,Invasive,4
LULC,Invasive,7
LULC,Invasive,11
LULC,Invasive,8
Anthrome,Invasive,8
Anthrome,Invasive,8
Anthrome,Invasive,5
Anthrome,Invasive,1
Anthrome,Invasive,6
Anthrome,Invasive,2
Anthrome,Invasive,4
Anthrome,Invasive,5
Anthrome,Invasive,2
Anthrome,Invasive,10
Anthrome,Invasive,8
Anthrome,Invasive,2
Anthrome,Invasive,5
Anthrome,Invasive,5
Anthrome,Invasive,2
Anthrome,Invasive,3
Anthrome,Invasive,4
Anthrome,Invasive,7
Anthrome,Invasive,7
Anthrome,Invasive,3
Anthrome,Invasive,4
Anthrome,Invasive,1
Anthrome,Invasive,8
Anthrome,Invasive,10
Anthrome,Invasive,1
Anthrome,Invasive,10
Anthrome,Invasive,1
Anthrome,Invasive,1
Anthrome,Invasive,8
Anthrome,Invasive,8
Anthrome,Invasive,2
Anthrome,Invasive,1
Anthrome,Invasive,4
Anthrome,Invasive,8
Anthrome,Invasive,8
Anthrome,Invasive,1
Anthrome,Invasive,1
Anthrome,Invasive,9
Anthrome,Invasive,1
Anthrome,Invasive,6
Anthrome,Invasive,12
Anthrome,Invasive,9
Anthrome,Invasive,2
Anthrome,Invasive,13
Anthrome,Invasive,10
Anthrome,Invasive,3
Anthrome,Invasive,11
Anthrome,Invasive,9
Anthrome,Invasive,5
Anthrome,Invasive,3
Anthrome,Invasive,6
Anthrome,Invasive,1
Anthrome,Invasive,9
Anthrome,Invasive,7
Anthrome,Invasive,1
Anthrome,Invasive,5
Anthrome,Invasive,1
Anthrome,Invasive,3
Anthrome,Invasive,1
Anthrome,Invasive,6
Anthrome,Invasive,9
Anthrome,Invasive,13
Anthrome,Invasive,3
Anthrome,Invasive,10
Anthrome,Invasive,4
Anthrome,Invasive,10
Anthrome,Invasive,8
Anthrome,Invasive,9
Anthrome,Invasive,6
Anthrome,Invasive,9
Anthrome,Invasive,5
Anthrome,Invasive,2
Anthrome,Invasive,4
Anthrome,Invasive,9
Anthrome,Invasive,6
Anthrome,Invasive,13
Anthrome,Invasive,2
Anthrome,Invasive,4
Anthrome,Invasive,7
Anthrome,Invasive,6
Anthrome,Invasive,5
Anthrome,Invasive,10
Anthrome,Invasive,1
Anthrome,Invasive,3
Anthrome,Invasive,9
Anthrome,Invasive,9
Anthrome,Invasive,7
Anthrome,Invasive,10
Anthrome,Invasive,9
Anthrome,Invasive,9
Anthrome,Invasive,5
Anthrome,Invasive,12
Anthrome,Invasive,8
Anthrome,Invasive,4
Anthrome,Invasive,7
Anthrome,Invasive,3
Anthrome,Invasive,3
Anthrome,Invasive,2
Anthrome,Invasive,4
Anthrome,Invasive,1
Anthrome,Invasive,1
Anthrome,Invasive,2
Anthrome,Invasive,8
Anthrome,Invasive,9
Anthrome,Invasive,6
Anthrome,Invasive,4
Anthrome,Invasive,5
Anthrome,Invasive,2
Anthrome,Invasive,10
Anthrome,Invasive,10
Anthrome,Invasive,6
Anthrome,Invasive,9
Anthrome,Invasive,7
Anthrome,Invasive,2
Anthrome,Invasive,3
Anthrome,Invasive,2
Anthrome,Invasive,12
Anthrome,Invasive,7
Anthrome,Invasive,10
Anthrome,Invasive,10
Anthrome,Invasive,9
Anthrome,Invasive,10
Anthrome,Invasive,1
Anthrome,Invasive,7
Anthrome,Invasive,4
Anthrome,Invasive,3
Anthrome,Invasive,5
Anthrome,Invasive,4
Anthrome,Invasive,8
Anthrome,Invasive,8
Anthrome,Invasive,9
Anthrome,Invasive,10
Anthrome,Invasive,10
Anthrome,Invasive,1
Anthrome,Invasive,11
Anthrome,Invasive,10
Anthrome,Invasive,6
Anthrome,Invasive,8
Anthrome,Invasive,9
Anthrome,Invasive,6
Anthrome,Invasive,8
Anthrome,Invasive,8
Anthrome,Invasive,4
Anthrome,Invasive,7
Anthrome,Invasive,5
Anthrome,Invasive,9
Anthrome,Invasive,2
Anthrome,Invasive,8
Anthrome,Invasive,3
Anthrome,Invasive,6
Anthrome,Invasive,8
Anthrome,Invasive,10
Anthrome,Invasive,8
Anthrome,Invasive,3
Anthrome,Invasive,13
Anthrome,Invasive,3
Anthrome,Invasive,1
Anthrome,Invasive,10
Anthrome,Invasive,1
Anthrome,Invasive,8
Anthrome,Invasive,3
Anthrome,Invasive,7
Anthrome,Invasive,3
Anthrome,Invasive,10
Anthrome,Invasive,7
Anthrome,Invasive,8
Anthrome,Invasive,3
Anthrome,Invasive,12
Anthrome,Invasive,10
Anthrome,Invasive,6
Anthrome,Invasive,4
Anthrome,Invasive,5
Anthrome,Invasive,4
Anthrome,Invasive,4
Anthrome,Invasive,7
Anthrome,Invasive,5
Anthrome,Invasive,6
Anthrome,Invasive,10
Anthrome,Invasive,5
Ecoregion,Invasive,13
Ecoregion,Invasive,14
Ecoregion,Invasive,5
Ecoregion,Invasive,2
Ecoregion,Invasive,6
Ecoregion,Invasive,2
Ecoregion,Invasive,5
Ecoregion,Invasive,8
Ecoregion,Invasive,1
Ecoregion,Invasive,22
Ecoregion,Invasive,13
Ecoregion,Invasive,2
Ecoregion,Invasive,8
Ecoregion,Invasive,4
Ecoregion,Invasive,5
Ecoregion,Invasive,4
Ecoregion,Invasive,10
Ecoregion,Invasive,7
Ecoregion,Invasive,16
Ecoregion,Invasive,3
Ecoregion,Invasive,4
Ecoregion,Invasive,1
Ecoregion,Invasive,20
Ecoregion,Invasive,25
Ecoregion,Invasive,1
Ecoregion,Invasive,21
Ecoregion,Invasive,1
Ecoregion,Invasive,1
Ecoregion,Invasive,9
Ecoregion,Invasive,14
Ecoregion,Invasive,2
Ecoregion,Invasive,1
Ecoregion,Invasive,11
Ecoregion,Invasive,17
Ecoregion,Invasive,23
Ecoregion,Invasive,1
Ecoregion,Invasive,1
Ecoregion,Invasive,12
Ecoregion,Invasive,1
Ecoregion,Invasive,10
Ecoregion,Invasive,35
Ecoregion,Invasive,16
Ecoregion,Invasive,2
Ecoregion,Invasive,26
Ecoregion,Invasive,17
Ecoregion,Invasive,3
Ecoregion,Invasive,11
Ecoregion,Invasive,17
Ecoregion,Invasive,7
Ecoregion,Invasive,3
Ecoregion,Invasive,10
Ecoregion,Invasive,1
Ecoregion,Invasive,12
Ecoregion,Invasive,12
Ecoregion,Invasive,2
Ecoregion,Invasive,8
Ecoregion,Invasive,1
Ecoregion,Invasive,3
Ecoregion,Invasive,1
Ecoregion,Invasive,10
Ecoregion,Invasive,24
Ecoregion,Invasive,21
Ecoregion,Invasive,3
Ecoregion,Invasive,28
Ecoregion,Invasive,6
Ecoregion,Invasive,18
Ecoregion,Invasive,26
Ecoregion,Invasive,18
Ecoregion,Invasive,9
Ecoregion,Invasive,11
Ecoregion,Invasive,10
Ecoregion,Invasive,2
Ecoregion,Invasive,3
Ecoregion,Invasive,21
Ecoregion,Invasive,11
Ecoregion,Invasive,22
Ecoregion,Invasive,2
Ecoregion,Invasive,2
Ecoregion,Invasive,8
Ecoregion,Invasive,7
Ecoregion,Invasive,3
Ecoregion,Invasive,22
Ecoregion,Invasive,1
Ecoregion,Invasive,3
Ecoregion,Invasive,18
Ecoregion,Invasive,17
Ecoregion,Invasive,11
Ecoregion,Invasive,18
Ecoregion,Invasive,21
Ecoregion,Invasive,21
Ecoregion,Invasive,5
Ecoregion,Invasive,30
Ecoregion,Invasive,12
Ecoregion,Invasive,7
Ecoregion,Invasive,10
Ecoregion,Invasive,5
Ecoregion,Invasive,3
Ecoregion,Invasive,2
Ecoregion,Invasive,5
Ecoregion,Invasive,3
Ecoregion,Invasive,1
Ecoregion,Invasive,6
Ecoregion,Invasive,11
Ecoregion,Invasive,13
Ecoregion,Invasive,7
Ecoregion,Invasive,5
Ecoregion,Invasive,5
Ecoregion,Invasive,2
Ecoregion,Invasive,30
Ecoregion,Invasive,29
Ecoregion,Invasive,8
Ecoregion,Invasive,15
Ecoregion,Invasive,16
Ecoregion,Invasive,4
Ecoregion,Invasive,6
Ecoregion,Invasive,2
Ecoregion,Invasive,26
Ecoregion,Invasive,7
Ecoregion,Invasive,15
Ecoregion,Invasive,24
Ecoregion,Invasive,24
Ecoregion,Invasive,19
Ecoregion,Invasive,1
Ecoregion,Invasive,17
Ecoregion,Invasive,7
Ecoregion,Invasive,4
Ecoregion,Invasive,9
Ecoregion,Invasive,5
Ecoregion,Invasive,17
Ecoregion,Invasive,16
Ecoregion,Invasive,7
Ecoregion,Invasive,29
Ecoregion,Invasive,11
Ecoregion,Invasive,1
Ecoregion,Invasive,29
Ecoregion,Invasive,22
Ecoregion,Invasive,15
Ecoregion,Invasive,14
Ecoregion,Invasive,17
Ecoregion,Invasive,4
Ecoregion,Invasive,10
Ecoregion,Invasive,21
Ecoregion,Invasive,2
Ecoregion,Invasive,16
Ecoregion,Invasive,8
Ecoregion,Invasive,16
Ecoregion,Invasive,1
Ecoregion,Invasive,15
Ecoregion,Invasive,2
Ecoregion,Invasive,9
Ecoregion,Invasive,14
Ecoregion,Invasive,23
Ecoregion,Invasive,13
Ecoregion,Invasive,4
Ecoregion,Invasive,16
Ecoregion,Invasive,2
Ecoregion,Invasive,1
Ecoregion,Invasive,22
Ecoregion,Invasive,1
Ecoregion,Invasive,15
Ecoregion,Invasive,3
Ecoregion,Invasive,10
Ecoregion,Invasive,3
Ecoregion,Invasive,24
Ecoregion,Invasive,14
Ecoregion,Invasive,18
Ecoregion,Invasive,1
Ecoregion,Invasive,19
Ecoregion,Invasive,20
Ecoregion,Invasive,11
Ecoregion,Invasive,6
Ecoregion,Invasive,9
Ecoregion,Invasive,4
Ecoregion,Invasive,3
Ecoregion,Invasive,5
Ecoregion,Invasive,6
Ecoregion,Invasive,9
Ecoregion,Invasive,22
Ecoregion,Invasive,5
Habitat,Invasive,8
Habitat,Invasive,4
Habitat,Invasive,7
Habitat,Invasive,9
Habitat,Invasive,7
Habitat,Invasive,6
Habitat,Invasive,6
Habitat,Invasive,10
Habitat,Invasive,2
Habitat,Invasive,9
Habitat,Invasive,9
Habitat,Invasive,7
Habitat,Invasive,6
Habitat,Invasive,12
Habitat,Invasive,8
Habitat,Invasive,8
Habitat,Invasive,13
Habitat,Invasive,10
Habitat,Invasive,10
Habitat,Invasive,6
Habitat,Invasive,8
Habitat,Invasive,10
Habitat,Invasive,13
Habitat,Invasive,2
Habitat,Invasive,10
Habitat,Invasive,12
Habitat,Invasive,4
Habitat,Invasive,5
Habitat,Invasive,11
Habitat,Invasive,8
Habitat,Invasive,5
Habitat,Invasive,3
Habitat,Invasive,5
Habitat,Invasive,7
Habitat,Invasive,7
Habitat,Invasive,4
Habitat,Invasive,4
Habitat,Invasive,9
Habitat,Invasive,6
Habitat,Invasive,9
Habitat,Invasive,10
Habitat,Invasive,7
Habitat,Invasive,8
Habitat,Invasive,9
Habitat,Invasive,4
Habitat,Invasive,10
Habitat,Invasive,5
Habitat,Invasive,9
Habitat,Invasive,6
Habitat,Invasive,3
Habitat,Invasive,8
Habitat,Invasive,9
Habitat,Invasive,6
Habitat,Invasive,14
Habitat,Invasive,4
Habitat,Invasive,4
Habitat,Invasive,6
Habitat,Invasive,6
Habitat,Invasive,14
Habitat,Invasive,9
Habitat,Invasive,5
Habitat,Invasive,11
Habitat,Invasive,7
Habitat,Invasive,11
Habitat,Invasive,4
Habitat,Invasive,10
Habitat,Invasive,9
Habitat,Invasive,5
Habitat,Invasive,6
Habitat,Invasive,7
Habitat,Invasive,7
Habitat,Invasive,8
Habitat,Invasive,16
Habitat,Invasive,8
Habitat,Invasive,9
Habitat,Invasive,6
Habitat,Invasive,9
Habitat,Invasive,4
Habitat,Invasive,11
Habitat,Invasive,15
Habitat,Invasive,6
Habitat,Invasive,3
Habitat,Invasive,7
Habitat,Invasive,13
Habitat,Invasive,4
Habitat,Invasive,11
Habitat,Invasive,5
Habitat,Invasive,5
Habitat,Invasive,5
Habitat,Invasive,2
Habitat,Invasive,5
Habitat,Invasive,13
Habitat,Invasive,9
Habitat,Invasive,6
Habitat,Invasive,2
Habitat,Invasive,13
Habitat,Invasive,9
Habitat,Invasive,9
Habitat,Invasive,8
Habitat,Invasive,8
Habitat,Invasive,10
Habitat,Invasive,5
Habitat,Invasive,8
Habitat,Invasive,3
Habitat,Invasive,8
Habitat,Invasive,12
Habitat,Invasive,11
Habitat,Invasive,15
Habitat,Invasive,10
Habitat,Invasive,10
Habitat,Invasive,8
Habitat,Invasive,5
Habitat,Invasive,8
Habitat,Invasive,6
Habitat,Invasive,8
Habitat,Invasive,5
Habitat,Invasive,13
Habitat,Invasive,6
Habitat,Invasive,5
Habitat,Invasive,8
Habitat,Invasive,2
Habitat,Invasive,8
Habitat,Invasive,1
Habitat,Invasive,11
Habitat,Invasive,11
Habitat,Invasive,1
Habitat,Invasive,13
Habitat,Invasive,8
Habitat,Invasive,7
Habitat,Invasive,2
Habitat,Invasive,4
Habitat,Invasive,6
Habitat,Invasive,7
Habitat,Invasive,8
Habitat,Invasive,11
Habitat,Invasive,4
Habitat,Invasive,8
Habitat,Invasive,6
Habitat,Invasive,6
Habitat,Invasive,10
Habitat,Invasive,11
Habitat,Invasive,5
LULC,Native,7
LULC,Native,2
LULC,Native,1
LULC,Native,4
LULC,Native,21
LULC,Native,12
LULC,Native,2
LULC,Native,6
LULC,Native,7
LULC,Native,11
LULC,Native,8
LULC,Native,7
LULC,Native,1
LULC,Native,11
LULC,Native,10
LULC,Native,5
LULC,Native,3
LULC,Native,4
LULC,Native,8
LULC,Native,5
LULC,Native,14
LULC,Native,7
LULC,Native,1
LULC,Native,2
LULC,Native,7
LULC,Native,1
LULC,Native,1
LULC,Native,2
LULC,Native,14
LULC,Native,4
LULC,Native,11
LULC,Native,14
LULC,Native,4
LULC,Native,9
LULC,Native,2
LULC,Native,4
LULC,Native,2
LULC,Native,11
LULC,Native,8
LULC,Native,7
LULC,Native,1
LULC,Native,5
LULC,Native,17
LULC,Native,12
LULC,Native,8
LULC,Native,6
LULC,Native,11
LULC,Native,1
LULC,Native,4
LULC,Native,5
LULC,Native,8
LULC,Native,4
LULC,Native,3
LULC,Native,5
LULC,Native,5
LULC,Native,4
LULC,Native,2
LULC,Native,2
LULC,Native,3
LULC,Native,12
LULC,Native,7
LULC,Native,8
LULC,Native,8
LULC,Native,6
LULC,Native,18
LULC,Native,11
LULC,Native,8
LULC,Native,3
LULC,Native,1
LULC,Native,7
LULC,Native,3
LULC,Native,4
LULC,Native,6
LULC,Native,4
LULC,Native,10
LULC,Native,5
LULC,Native,2
LULC,Native,15
LULC,Native,2
LULC,Native,2
LULC,Native,3
LULC,Native,4
LULC,Native,1
LULC,Native,5
LULC,Native,1
LULC,Native,13
LULC,Native,13
LULC,Native,13
LULC,Native,1
LULC,Native,7
LULC,Native,8
LULC,Native,4
LULC,Native,10
LULC,Native,5
LULC,Native,2
LULC,Native,3
LULC,Native,6
LULC,Native,3
LULC,Native,4
LULC,Native,5
LULC,Native,3
LULC,Native,3
LULC,Native,1
LULC,Native,9
LULC,Native,2
LULC,Native,3
LULC,Native,3
LULC,Native,10
LULC,Native,4
LULC,Native,6
LULC,Native,3
LULC,Native,2
LULC,Native,3
LULC,Native,5
LULC,Native,2
LULC,Native,3
LULC,Native,1
LULC,Native,14
LULC,Native,10
LULC,Native,4
LULC,Native,2
LULC,Native,2
LULC,Native,1
LULC,Native,14
LULC,Native,1
LULC,Native,1
LULC,Native,2
LULC,Native,4
LULC,Native,2
LULC,Native,13
LULC,Native,4
LULC,Native,6
LULC,Native,1
LULC,Native,8
LULC,Native,2
LULC,Native,5
LULC,Native,7
LULC,Native,3
LULC,Native,2
LULC,Native,6
LULC,Native,1
LULC,Native,1
LULC,Native,6
LULC,Native,15
LULC,Native,7
LULC,Native,5
LULC,Native,9
LULC,Native,2
LULC,Native,12
LULC,Native,3
LULC,Native,6
LULC,Native,12
LULC,Native,11
LULC,Native,8
LULC,Native,4
LULC,Native,2
LULC,Native,3
LULC,Native,10
LULC,Native,9
LULC,Native,6
LULC,Native,7
LULC,Native,1
LULC,Native,1
LULC,Native,3
LULC,Native,1
LULC,Native,1
LULC,Native,5
LULC,Native,1
LULC,Native,2
LULC,Native,4
LULC,Native,7
LULC,Native,8
LULC,Native,13
LULC,Native,11
LULC,Native,4
LULC,Native,9
LULC,Native,8
LULC,Native,4
LULC,Native,15
LULC,Native,23
LULC,Native,2
LULC,Native,5
LULC,Native,8
LULC,Native,10
LULC,Native,6
LULC,Native,15
LULC,Native,4
LULC,Native,2
LULC,Native,2
LULC,Native,11
LULC,Native,4
LULC,Native,1
LULC,Native,1
LULC,Native,6
LULC,Native,4
LULC,Native,5
LULC,Native,4
LULC,Native,4
LULC,Native,12
LULC,Native,15
LULC,Native,3
LULC,Native,12
LULC,Native,2
LULC,Native,10
LULC,Native,6
LULC,Native,9
LULC,Native,3
LULC,Native,7
LULC,Native,1
LULC,Native,7
LULC,Native,7
LULC,Native,1
LULC,Native,7
LULC,Native,1
LULC,Native,6
LULC,Native,6
LULC,Native,1
LULC,Native,6
LULC,Native,3
LULC,Native,1
LULC,Native,1
LULC,Native,2
LULC,Native,10
LULC,Native,13
LULC,Native,4
LULC,Native,1
LULC,Native,1
LULC,Native,4
LULC,Native,4
LULC,Native,3
LULC,Native,4
LULC,Native,6
LULC,Native,7
LULC,Native,11
LULC,Native,6
LULC,Native,9
LULC,Native,7
LULC,Native,12
LULC,Native,5
LULC,Native,11
LULC,Native,1
LULC,Native,3
LULC,Native,12
LULC,Native,4
LULC,Native,9
LULC,Native,2
LULC,Native,8
LULC,Native,7
LULC,Native,2
LULC,Native,1
LULC,Native,4
LULC,Native,5
LULC,Native,1
LULC,Native,7
LULC,Native,1
LULC,Native,9
LULC,Native,6
LULC,Native,3
LULC,Native,14
LULC,Native,3
LULC,Native,16
LULC,Native,4
LULC,Native,4
LULC,Native,1
LULC,Native,10
LULC,Native,9
LULC,Native,5
LULC,Native,3
LULC,Native,11
LULC,Native,13
LULC,Native,10
LULC,Native,2
LULC,Native,12
LULC,Native,6
LULC,Native,2
LULC,Native,6
Anthrome,Native,5
Anthrome,Native,4
Anthrome,Native,1
Anthrome,Native,6
Anthrome,Native,11
Anthrome,Native,9
Anthrome,Native,3
Anthrome,Native,5
Anthrome,Native,8
Anthrome,Native,8
Anthrome,Native,7
Anthrome,Native,5
Anthrome,Native,1
Anthrome,Native,11
Anthrome,Native,10
Anthrome,Native,6
Anthrome,Native,5
Anthrome,Native,4
Anthrome,Native,6
Anthrome,Native,3
Anthrome,Native,9
Anthrome,Native,7
Anthrome,Native,1
Anthrome,Native,3
Anthrome,Native,7
Anthrome,Native,7
Anthrome,Native,1
Anthrome,Native,1
Anthrome,Native,2
Anthrome,Native,9
Anthrome,Native,5
Anthrome,Native,9
Anthrome,Native,10
Anthrome,Native,6
Anthrome,Native,8
Anthrome,Native,3
Anthrome,Native,6
Anthrome,Native,2
Anthrome,Native,9
Anthrome,Native,7
Anthrome,Native,7
Anthrome,Native,3
Anthrome,Native,4
Anthrome,Native,12
Anthrome,Native,12
Anthrome,Native,7
Anthrome,Native,4
Anthrome,Native,10
Anthrome,Native,1
Anthrome,Native,4
Anthrome,Native,3
Anthrome,Native,7
Anthrome,Native,4
Anthrome,Native,5
Anthrome,Native,4
Anthrome,Native,5
Anthrome,Native,3
Anthrome,Native,2
Anthrome,Native,2
Anthrome,Native,5
Anthrome,Native,10
Anthrome,Native,8
Anthrome,Native,7
Anthrome,Native,8
Anthrome,Native,7
Anthrome,Native,9
Anthrome,Native,6
Anthrome,Native,10
Anthrome,Native,3
Anthrome,Native,5
Anthrome,Native,3
Anthrome,Native,3
Anthrome,Native,1
Anthrome,Native,7
Anthrome,Native,6
Anthrome,Native,9
Anthrome,Native,5
Anthrome,Native,4
Anthrome,Native,11
Anthrome,Native,3
Anthrome,Native,4
Anthrome,Native,3
Anthrome,Native,5
Anthrome,Native,1
Anthrome,Native,4
Anthrome,Native,1
Anthrome,Native,10
Anthrome,Native,10
Anthrome,Native,9
Anthrome,Native,1
Anthrome,Native,7
Anthrome,Native,5
Anthrome,Native,5
Anthrome,Native,9
Anthrome,Native,8
Anthrome,Native,1
Anthrome,Native,4
Anthrome,Native,4
Anthrome,Native,2
Anthrome,Native,6
Anthrome,Native,4
Anthrome,Native,4
Anthrome,Native,3
Anthrome,Native,2
Anthrome,Native,7
Anthrome,Native,2
Anthrome,Native,3
Anthrome,Native,4
Anthrome,Native,8
Anthrome,Native,4
Anthrome,Native,7
Anthrome,Native,4
Anthrome,Native,1
Anthrome,Native,2
Anthrome,Native,4
Anthrome,Native,3
Anthrome,Native,2
Anthrome,Native,1
Anthrome,Native,8
Anthrome,Native,13
Anthrome,Native,4
Anthrome,Native,2
Anthrome,Native,3
Anthrome,Native,1
Anthrome,Native,10
Anthrome,Native,1
Anthrome,Native,1
Anthrome,Native,2
Anthrome,Native,4
Anthrome,Native,2
Anthrome,Native,10
Anthrome,Native,3
Anthrome,Native,5
Anthrome,Native,1
Anthrome,Native,9
Anthrome,Native,2
Anthrome,Native,4
Anthrome,Native,6
Anthrome,Native,3
Anthrome,Native,2
Anthrome,Native,4
Anthrome,Native,1
Anthrome,Native,1
Anthrome,Native,6
Anthrome,Native,10
Anthrome,Native,8
Anthrome,Native,5
Anthrome,Native,8
Anthrome,Native,2
Anthrome,Native,8
Anthrome,Native,4
Anthrome,Native,7
Anthrome,Native,8
Anthrome,Native,7
Anthrome,Native,8
Anthrome,Native,4
Anthrome,Native,2
Anthrome,Native,2
Anthrome,Native,9
Anthrome,Native,8
Anthrome,Native,4
Anthrome,Native,7
Anthrome,Native,2
Anthrome,Native,1
Anthrome,Native,2
Anthrome,Native,2
Anthrome,Native,2
Anthrome,Native,2
Anthrome,Native,1
Anthrome,Native,2
Anthrome,Native,5
Anthrome,Native,10
Anthrome,Native,8
Anthrome,Native,10
Anthrome,Native,12
Anthrome,Native,5
Anthrome,Native,6
Anthrome,Native,8
Anthrome,Native,4
Anthrome,Native,10
Anthrome,Native,12
Anthrome,Native,4
Anthrome,Native,4
Anthrome,Native,6
Anthrome,Native,7
Anthrome,Native,5
Anthrome,Native,10
Anthrome,Native,6
Anthrome,Native,2
Anthrome,Native,1
Anthrome,Native,9
Anthrome,Native,5
Anthrome,Native,1
Anthrome,Native,1
Anthrome,Native,6
Anthrome,Native,3
Anthrome,Native,4
Anthrome,Native,6
Anthrome,Native,5
Anthrome,Native,8
Anthrome,Native,8
Anthrome,Native,9
Anthrome,Native,2
Anthrome,Native,2
Anthrome,Native,8
Anthrome,Native,7
Anthrome,Native,4
Anthrome,Native,4
Anthrome,Native,10
Anthrome,Native,2
Anthrome,Native,6
Anthrome,Native,5
Anthrome,Native,1
Anthrome,Native,8
Anthrome,Native,1
Anthrome,Native,7
Anthrome,Native,7
Anthrome,Native,1
Anthrome,Native,6
Anthrome,Native,3
Anthrome,Native,3
Anthrome,Native,1
Anthrome,Native,2
Anthrome,Native,7
Anthrome,Native,8
Anthrome,Native,5
Anthrome,Native,1
Anthrome,Native,1
Anthrome,Native,5
Anthrome,Native,6
Anthrome,Native,6
Anthrome,Native,2
Anthrome,Native,8
Anthrome,Native,7
Anthrome,Native,7
Anthrome,Native,8
Anthrome,Native,6
Anthrome,Native,6
Anthrome,Native,12
Anthrome,Native,4
Anthrome,Native,6
Anthrome,Native,1
Anthrome,Native,4
Anthrome,Native,11
Anthrome,Native,3
Anthrome,Native,9
Anthrome,Native,2
Anthrome,Native,7
Anthrome,Native,5
Anthrome,Native,3
Anthrome,Native,1
Anthrome,Native,4
Anthrome,Native,4
Anthrome,Native,1
Anthrome,Native,7
Anthrome,Native,2
Anthrome,Native,7
Anthrome,Native,8
Anthrome,Native,3
Anthrome,Native,11
Anthrome,Native,6
Anthrome,Native,9
Anthrome,Native,4
Anthrome,Native,5
Anthrome,Native,1
Anthrome,Native,12
Anthrome,Native,7
Anthrome,Native,5
Anthrome,Native,2
Anthrome,Native,8
Anthrome,Native,10
Anthrome,Native,8
Anthrome,Native,2
Anthrome,Native,8
Anthrome,Native,8
Anthrome,Native,4
Anthrome,Native,8
Ecoregion,Native,6
Ecoregion,Native,3
Ecoregion,Native,1
Ecoregion,Native,5
Ecoregion,Native,16
Ecoregion,Native,20
Ecoregion,Native,3
Ecoregion,Native,6
Ecoregion,Native,11
Ecoregion,Native,19
Ecoregion,Native,4
Ecoregion,Native,4
Ecoregion,Native,1
Ecoregion,Native,24
Ecoregion,Native,15
Ecoregion,Native,9
Ecoregion,Native,7
Ecoregion,Native,2
Ecoregion,Native,4
Ecoregion,Native,6
Ecoregion,Native,7
Ecoregion,Native,11
Ecoregion,Native,1
Ecoregion,Native,2
Ecoregion,Native,4
Ecoregion,Native,12
Ecoregion,Native,1
Ecoregion,Native,1
Ecoregion,Native,2
Ecoregion,Native,21
Ecoregion,Native,7
Ecoregion,Native,19
Ecoregion,Native,24
Ecoregion,Native,3
Ecoregion,Native,14
Ecoregion,Native,3
Ecoregion,Native,8
Ecoregion,Native,2
Ecoregion,Native,19
Ecoregion,Native,10
Ecoregion,Native,8
Ecoregion,Native,2
Ecoregion,Native,3
Ecoregion,Native,26
Ecoregion,Native,20
Ecoregion,Native,8
Ecoregion,Native,6
Ecoregion,Native,6
Ecoregion,Native,1
Ecoregion,Native,3
Ecoregion,Native,5
Ecoregion,Native,11
Ecoregion,Native,2
Ecoregion,Native,4
Ecoregion,Native,4
Ecoregion,Native,6
Ecoregion,Native,3
Ecoregion,Native,3
Ecoregion,Native,2
Ecoregion,Native,7
Ecoregion,Native,9
Ecoregion,Native,9
Ecoregion,Native,8
Ecoregion,Native,10
Ecoregion,Native,7
Ecoregion,Native,27
Ecoregion,Native,17
Ecoregion,Native,11
Ecoregion,Native,4
Ecoregion,Native,1
Ecoregion,Native,7
Ecoregion,Native,3
Ecoregion,Native,4
Ecoregion,Native,13
Ecoregion,Native,6
Ecoregion,Native,15
Ecoregion,Native,4
Ecoregion,Native,4
Ecoregion,Native,22
Ecoregion,Native,3
Ecoregion,Native,5
Ecoregion,Native,3
Ecoregion,Native,8
Ecoregion,Native,1
Ecoregion,Native,7
Ecoregion,Native,1
Ecoregion,Native,22
Ecoregion,Native,14
Ecoregion,Native,22
Ecoregion,Native,1
Ecoregion,Native,9
Ecoregion,Native,13
Ecoregion,Native,6
Ecoregion,Native,15
Ecoregion,Native,6
Ecoregion,Native,1
Ecoregion,Native,4
Ecoregion,Native,7
Ecoregion,Native,3
Ecoregion,Native,8
Ecoregion,Native,7
Ecoregion,Native,4
Ecoregion,Native,3
Ecoregion,Native,2
Ecoregion,Native,6
Ecoregion,Native,2
Ecoregion,Native,3
Ecoregion,Native,3
Ecoregion,Native,18
Ecoregion,Native,3
Ecoregion,Native,5
Ecoregion,Native,5
Ecoregion,Native,2
Ecoregion,Native,3
Ecoregion,Native,5
Ecoregion,Native,3
Ecoregion,Native,3
Ecoregion,Native,1
Ecoregion,Native,5
Ecoregion,Native,8
Ecoregion,Native,6
Ecoregion,Native,2
Ecoregion,Native,2
Ecoregion,Native,1
Ecoregion,Native,18
Ecoregion,Native,1
Ecoregion,Native,1
Ecoregion,Native,4
Ecoregion,Native,3
Ecoregion,Native,2
Ecoregion,Native,25
Ecoregion,Native,5
Ecoregion,Native,5
Ecoregion,Native,1
Ecoregion,Native,10
Ecoregion,Native,1
Ecoregion,Native,3
Ecoregion,Native,7
Ecoregion,Native,3
Ecoregion,Native,2
Ecoregion,Native,7
Ecoregion,Native,1
Ecoregion,Native,1
Ecoregion,Native,7
Ecoregion,Native,24
Ecoregion,Native,12
Ecoregion,Native,8
Ecoregion,Native,13
Ecoregion,Native,2
Ecoregion,Native,17
Ecoregion,Native,5
Ecoregion,Native,7
Ecoregion,Native,15
Ecoregion,Native,8
Ecoregion,Native,10
Ecoregion,Native,4
Ecoregion,Native,2
Ecoregion,Native,4
Ecoregion,Native,9
Ecoregion,Native,6
Ecoregion,Native,6
Ecoregion,Native,14
Ecoregion,Native,2
Ecoregion,Native,1
Ecoregion,Native,2
Ecoregion,Native,2
Ecoregion,Native,2
Ecoregion,Native,1
Ecoregion,Native,1
Ecoregion,Native,1
Ecoregion,Native,3
Ecoregion,Native,6
Ecoregion,Native,7
Ecoregion,Native,23
Ecoregion,Native,15
Ecoregion,Native,5
Ecoregion,Native,12
Ecoregion,Native,9
Ecoregion,Native,4
Ecoregion,Native,25
Ecoregion,Native,29
Ecoregion,Native,4
Ecoregion,Native,7
Ecoregion,Native,11
Ecoregion,Native,8
Ecoregion,Native,6
Ecoregion,Native,29
Ecoregion,Native,7
Ecoregion,Native,2
Ecoregion,Native,2
Ecoregion,Native,8
Ecoregion,Native,6
Ecoregion,Native,1
Ecoregion,Native,1
Ecoregion,Native,9
Ecoregion,Native,5
Ecoregion,Native,1
Ecoregion,Native,5
Ecoregion,Native,3
Ecoregion,Native,18
Ecoregion,Native,25
Ecoregion,Native,3
Ecoregion,Native,9
Ecoregion,Native,2
Ecoregion,Native,18
Ecoregion,Native,4
Ecoregion,Native,10
Ecoregion,Native,6
Ecoregion,Native,9
Ecoregion,Native,2
Ecoregion,Native,8
Ecoregion,Native,3
Ecoregion,Native,1
Ecoregion,Native,8
Ecoregion,Native,1
Ecoregion,Native,4
Ecoregion,Native,9
Ecoregion,Native,1
Ecoregion,Native,6
Ecoregion,Native,3
Ecoregion,Native,3
Ecoregion,Native,1
Ecoregion,Native,2
Ecoregion,Native,18
Ecoregion,Native,7
Ecoregion,Native,7
Ecoregion,Native,1
Ecoregion,Native,1
Ecoregion,Native,6
Ecoregion,Native,7
Ecoregion,Native,6
Ecoregion,Native,4
Ecoregion,Native,9
Ecoregion,Native,14
Ecoregion,Native,15
Ecoregion,Native,12
Ecoregion,Native,8
Ecoregion,Native,7
Ecoregion,Native,7
Ecoregion,Native,5
Ecoregion,Native,5
Ecoregion,Native,1
Ecoregion,Native,2
Ecoregion,Native,23
Ecoregion,Native,4
Ecoregion,Native,14
Ecoregion,Native,2
Ecoregion,Native,13
Ecoregion,Native,8
Ecoregion,Native,3
Ecoregion,Native,1
Ecoregion,Native,4
Ecoregion,Native,5
Ecoregion,Native,1
Ecoregion,Native,5
Ecoregion,Native,2
Ecoregion,Native,15
Ecoregion,Native,11
Ecoregion,Native,3
Ecoregion,Native,6
Ecoregion,Native,5
Ecoregion,Native,25
Ecoregion,Native,4
Ecoregion,Native,4
Ecoregion,Native,1
Ecoregion,Native,11
Ecoregion,Native,9
Ecoregion,Native,3
Ecoregion,Native,3
Ecoregion,Native,16
Ecoregion,Native,24
Ecoregion,Native,14
Ecoregion,Native,2
Ecoregion,Native,15
Ecoregion,Native,12
Ecoregion,Native,3
Ecoregion,Native,10
Habitat,Native,2
Habitat,Native,13
Habitat,Native,11
Habitat,Native,3
Habitat,Native,9
Habitat,Native,6
Habitat,Native,9
Habitat,Native,9
Habitat,Native,4
Habitat,Native,4
Habitat,Native,2
Habitat,Native,1
Habitat,Native,2
Habitat,Native,11
Habitat,Native,4
Habitat,Native,4
Habitat,Native,17
Habitat,Native,5
Habitat,Native,5
Habitat,Native,5
Habitat,Native,10
Habitat,Native,12
Habitat,Native,7
Habitat,Native,7
Habitat,Native,5
Habitat,Native,6
Habitat,Native,12
Habitat,Native,7
Habitat,Native,7
Habitat,Native,1
Habitat,Native,11
Habitat,Native,15
Habitat,Native,12
Habitat,Native,3
Habitat,Native,11
Habitat,Native,5
Habitat,Native,6
Habitat,Native,4
Habitat,Native,11
Habitat,Native,4
Habitat,Native,11
Habitat,Native,14
Habitat,Native,7
Habitat,Native,5
Habitat,Native,9
Habitat,Native,6
Habitat,Native,6
Habitat,Native,4
Habitat,Native,10
Habitat,Native,2
Habitat,Native,6
Habitat,Native,6
Habitat,Native,5
Habitat,Native,2
Habitat,Native,3
Habitat,Native,4
Habitat,Native,3
Habitat,Native,5
Habitat,Native,9
Habitat,Native,9
Habitat,Native,7
Habitat,Native,5
Habitat,Native,10
Habitat,Native,9
Habitat,Native,7
Habitat,Native,8
Habitat,Native,3
Habitat,Native,1
Habitat,Native,13
Habitat,Native,7
Habitat,Native,7
Habitat,Native,9
Habitat,Native,10
Habitat,Native,10
Habitat,Native,11
Habitat,Native,6
Habitat,Native,13
Habitat,Native,3
Habitat,Native,6
Habitat,Native,4
Habitat,Native,17
Habitat,Native,10
Habitat,Native,7
Habitat,Native,7
Habitat,Native,9
Habitat,Native,3
Habitat,Native,5
Habitat,Native,19
Habitat,Native,8
Habitat,Native,5
Habitat,Native,5
Habitat,Native,14
LULC,Naturalized,1
LULC,Naturalized,2
LULC,Naturalized,11
LULC,Naturalized,1
LULC,Naturalized,2
LULC,Naturalized,6
LULC,Naturalized,1
LULC,Naturalized,1
LULC,Naturalized,11
LULC,Naturalized,3
LULC,Naturalized,4
LULC,Naturalized,15
LULC,Naturalized,12
LULC,Naturalized,10
LULC,Naturalized,2
LULC,Naturalized,3
LULC,Naturalized,2
LULC,Naturalized,11
LULC,Naturalized,13
LULC,Naturalized,7
LULC,Naturalized,4
LULC,Naturalized,21
LULC,Naturalized,1
LULC,Naturalized,5
LULC,Naturalized,16
LULC,Naturalized,3
LULC,Naturalized,13
LULC,Naturalized,17
LULC,Naturalized,11
LULC,Naturalized,2
LULC,Naturalized,3
LULC,Naturalized,1
LULC,Naturalized,4
LULC,Naturalized,5
LULC,Naturalized,7
LULC,Naturalized,3
LULC,Naturalized,2
LULC,Naturalized,3
LULC,Naturalized,2
LULC,Naturalized,3
LULC,Naturalized,2
LULC,Naturalized,15
LULC,Naturalized,4
LULC,Naturalized,5
LULC,Naturalized,11
LULC,Naturalized,4
LULC,Naturalized,1
LULC,Naturalized,10
LULC,Naturalized,4
LULC,Naturalized,1
LULC,Naturalized,4
LULC,Naturalized,17
LULC,Naturalized,3
LULC,Naturalized,2
LULC,Naturalized,9
LULC,Naturalized,1
LULC,Naturalized,1
LULC,Naturalized,3
LULC,Naturalized,1
LULC,Naturalized,1
LULC,Naturalized,10
LULC,Naturalized,5
LULC,Naturalized,4
LULC,Naturalized,1
LULC,Naturalized,1
LULC,Naturalized,6
LULC,Naturalized,1
LULC,Naturalized,7
LULC,Naturalized,6
LULC,Naturalized,4
LULC,Naturalized,11
LULC,Naturalized,1
LULC,Naturalized,2
LULC,Naturalized,4
LULC,Naturalized,3
LULC,Naturalized,1
LULC,Naturalized,5
LULC,Naturalized,1
LULC,Naturalized,2
LULC,Naturalized,13
LULC,Naturalized,8
LULC,Naturalized,6
LULC,Naturalized,1
LULC,Naturalized,2
LULC,Naturalized,4
LULC,Naturalized,2
LULC,Naturalized,7
LULC,Naturalized,2
LULC,Naturalized,4
LULC,Naturalized,2
LULC,Naturalized,2
LULC,Naturalized,7
LULC,Naturalized,10
LULC,Naturalized,9
LULC,Naturalized,7
LULC,Naturalized,6
LULC,Naturalized,2
LULC,Naturalized,1
LULC,Naturalized,3
LULC,Naturalized,1
LULC,Naturalized,8
LULC,Naturalized,8
LULC,Naturalized,4
LULC,Naturalized,1
LULC,Naturalized,5
LULC,Naturalized,1
LULC,Naturalized,1
LULC,Naturalized,16
LULC,Naturalized,2
LULC,Naturalized,12
LULC,Naturalized,1
LULC,Naturalized,4
LULC,Naturalized,12
LULC,Naturalized,1
LULC,Naturalized,2
LULC,Naturalized,1
LULC,Naturalized,1
LULC,Naturalized,2
LULC,Naturalized,1
LULC,Naturalized,6
LULC,Naturalized,2
LULC,Naturalized,12
LULC,Naturalized,4
LULC,Naturalized,3
LULC,Naturalized,2
LULC,Naturalized,2
LULC,Naturalized,11
LULC,Naturalized,9
LULC,Naturalized,2
LULC,Naturalized,14
LULC,Naturalized,5
LULC,Naturalized,7
LULC,Naturalized,7
LULC,Naturalized,12
LULC,Naturalized,11
LULC,Naturalized,4
LULC,Naturalized,1
LULC,Naturalized,2
LULC,Naturalized,2
LULC,Naturalized,2
LULC,Naturalized,1
LULC,Naturalized,1
LULC,Naturalized,2
LULC,Naturalized,10
LULC,Naturalized,3
LULC,Naturalized,2
LULC,Naturalized,7
Anthrome,Naturalized,2
Anthrome,Naturalized,1
Anthrome,Naturalized,9
Anthrome,Naturalized,1
Anthrome,Naturalized,2
Anthrome,Naturalized,7
Anthrome,Naturalized,2
Anthrome,Naturalized,1
Anthrome,Naturalized,8
Anthrome,Naturalized,3
Anthrome,Naturalized,1
Anthrome,Naturalized,4
Anthrome,Naturalized,11
Anthrome,Naturalized,6
Anthrome,Naturalized,6
Anthrome,Naturalized,3
Anthrome,Naturalized,3
Anthrome,Naturalized,2
Anthrome,Naturalized,7
Anthrome,Naturalized,10
Anthrome,Naturalized,5
Anthrome,Naturalized,4
Anthrome,Naturalized,12
Anthrome,Naturalized,1
Anthrome,Naturalized,6
Anthrome,Naturalized,10
Anthrome,Naturalized,1
Anthrome,Naturalized,2
Anthrome,Naturalized,10
Anthrome,Naturalized,8
Anthrome,Naturalized,10
Anthrome,Naturalized,1
Anthrome,Naturalized,1
Anthrome,Naturalized,1
Anthrome,Naturalized,2
Anthrome,Naturalized,2
Anthrome,Naturalized,4
Anthrome,Naturalized,3
Anthrome,Naturalized,2
Anthrome,Naturalized,3
Anthrome,Naturalized,2
Anthrome,Naturalized,4
Anthrome,Naturalized,2
Anthrome,Naturalized,9
Anthrome,Naturalized,5
Anthrome,Naturalized,5
Anthrome,Naturalized,9
Anthrome,Naturalized,4
Anthrome,Naturalized,3
Anthrome,Naturalized,8
Anthrome,Naturalized,3
Anthrome,Naturalized,1
Anthrome,Naturalized,4
Anthrome,Naturalized,10
Anthrome,Naturalized,2
Anthrome,Naturalized,5
Anthrome,Naturalized,2
Anthrome,Naturalized,9
Anthrome,Naturalized,2
Anthrome,Naturalized,4
Anthrome,Naturalized,3
Anthrome,Naturalized,1
Anthrome,Naturalized,1
Anthrome,Naturalized,5
Anthrome,Naturalized,4
Anthrome,Naturalized,5
Anthrome,Naturalized,1
Anthrome,Naturalized,1
Anthrome,Naturalized,5
Anthrome,Naturalized,2
Anthrome,Naturalized,7
Anthrome,Naturalized,9
Anthrome,Naturalized,3
Anthrome,Naturalized,10
Anthrome,Naturalized,1
Anthrome,Naturalized,2
Anthrome,Naturalized,4
Anthrome,Naturalized,4
Anthrome,Naturalized,1
Anthrome,Naturalized,9
Anthrome,Naturalized,1
Anthrome,Naturalized,1
Anthrome,Naturalized,5
Anthrome,Naturalized,10
Anthrome,Naturalized,5
Anthrome,Naturalized,4
Anthrome,Naturalized,1
Anthrome,Naturalized,2
Anthrome,Naturalized,4
Anthrome,Naturalized,3
Anthrome,Naturalized,5
Anthrome,Naturalized,2
Anthrome,Naturalized,4
Anthrome,Naturalized,1
Anthrome,Naturalized,5
Anthrome,Naturalized,8
Anthrome,Naturalized,10
Anthrome,Naturalized,8
Anthrome,Naturalized,4
Anthrome,Naturalized,7
Anthrome,Naturalized,2
Anthrome,Naturalized,1
Anthrome,Naturalized,4
Anthrome,Naturalized,1
Anthrome,Naturalized,6
Anthrome,Naturalized,9
Anthrome,Naturalized,6
Anthrome,Naturalized,1
Anthrome,Naturalized,3
Anthrome,Naturalized,1
Anthrome,Naturalized,1
Anthrome,Naturalized,12
Anthrome,Naturalized,2
Anthrome,Naturalized,8
Anthrome,Naturalized,1
Anthrome,Naturalized,3
Anthrome,Naturalized,6
Anthrome,Naturalized,2
Anthrome,Naturalized,4
Anthrome,Naturalized,1
Anthrome,Naturalized,1
Anthrome,Naturalized,2
Anthrome,Naturalized,2
Anthrome,Naturalized,6
Anthrome,Naturalized,4
Anthrome,Naturalized,11
Anthrome,Naturalized,1
Anthrome,Naturalized,5
Anthrome,Naturalized,3
Anthrome,Naturalized,6
Anthrome,Naturalized,5
Anthrome,Naturalized,9
Anthrome,Naturalized,3
Anthrome,Naturalized,12
Anthrome,Naturalized,4
Anthrome,Naturalized,4
Anthrome,Naturalized,4
Anthrome,Naturalized,8
Anthrome,Naturalized,6
Anthrome,Naturalized,5
Anthrome,Naturalized,3
Anthrome,Naturalized,2
Anthrome,Naturalized,2
Anthrome,Naturalized,2
Anthrome,Naturalized,1
Anthrome,Naturalized,1
Anthrome,Naturalized,4
Anthrome,Naturalized,6
Anthrome,Naturalized,2
Anthrome,Naturalized,3
Anthrome,Naturalized,6
Ecoregion,Naturalized,2
Ecoregion,Naturalized,2
Ecoregion,Naturalized,22
Ecoregion,Naturalized,1
Ecoregion,Naturalized,2
Ecoregion,Naturalized,8
Ecoregion,Naturalized,2
Ecoregion,Naturalized,1
Ecoregion,Naturalized,16
Ecoregion,Naturalized,4
Ecoregion,Naturalized,4
Ecoregion,Naturalized,17
Ecoregion,Naturalized,3
Ecoregion,Naturalized,16
Ecoregion,Naturalized,4
Ecoregion,Naturalized,2
Ecoregion,Naturalized,3
Ecoregion,Naturalized,12
Ecoregion,Naturalized,11
Ecoregion,Naturalized,5
Ecoregion,Naturalized,6
Ecoregion,Naturalized,30
Ecoregion,Naturalized,2
Ecoregion,Naturalized,5
Ecoregion,Naturalized,26
Ecoregion,Naturalized,1
Ecoregion,Naturalized,4
Ecoregion,Naturalized,23
Ecoregion,Naturalized,26
Ecoregion,Naturalized,5
Ecoregion,Naturalized,3
Ecoregion,Naturalized,2
Ecoregion,Naturalized,1
Ecoregion,Naturalized,3
Ecoregion,Naturalized,5
Ecoregion,Naturalized,6
Ecoregion,Naturalized,3
Ecoregion,Naturalized,3
Ecoregion,Naturalized,4
Ecoregion,Naturalized,2
Ecoregion,Naturalized,6
Ecoregion,Naturalized,1
Ecoregion,Naturalized,18
Ecoregion,Naturalized,8
Ecoregion,Naturalized,10
Ecoregion,Naturalized,19
Ecoregion,Naturalized,4
Ecoregion,Naturalized,3
Ecoregion,Naturalized,19
Ecoregion,Naturalized,6
Ecoregion,Naturalized,1
Ecoregion,Naturalized,5
Ecoregion,Naturalized,29
Ecoregion,Naturalized,3
Ecoregion,Naturalized,5
Ecoregion,Naturalized,2
Ecoregion,Naturalized,8
Ecoregion,Naturalized,3
Ecoregion,Naturalized,5
Ecoregion,Naturalized,2
Ecoregion,Naturalized,1
Ecoregion,Naturalized,1
Ecoregion,Naturalized,12
Ecoregion,Naturalized,2
Ecoregion,Naturalized,5
Ecoregion,Naturalized,1
Ecoregion,Naturalized,1
Ecoregion,Naturalized,8
Ecoregion,Naturalized,2
Ecoregion,Naturalized,15
Ecoregion,Naturalized,8
Ecoregion,Naturalized,2
Ecoregion,Naturalized,16
Ecoregion,Naturalized,1
Ecoregion,Naturalized,2
Ecoregion,Naturalized,3
Ecoregion,Naturalized,2
Ecoregion,Naturalized,1
Ecoregion,Naturalized,9
Ecoregion,Naturalized,1
Ecoregion,Naturalized,1
Ecoregion,Naturalized,4
Ecoregion,Naturalized,14
Ecoregion,Naturalized,2
Ecoregion,Naturalized,4
Ecoregion,Naturalized,1
Ecoregion,Naturalized,2
Ecoregion,Naturalized,5
Ecoregion,Naturalized,3
Ecoregion,Naturalized,10
Ecoregion,Naturalized,3
Ecoregion,Naturalized,3
Ecoregion,Naturalized,3
Ecoregion,Naturalized,4
Ecoregion,Naturalized,8
Ecoregion,Naturalized,14
Ecoregion,Naturalized,10
Ecoregion,Naturalized,6
Ecoregion,Naturalized,7
Ecoregion,Naturalized,1
Ecoregion,Naturalized,1
Ecoregion,Naturalized,5
Ecoregion,Naturalized,1
Ecoregion,Naturalized,13
Ecoregion,Naturalized,5
Ecoregion,Naturalized,6
Ecoregion,Naturalized,1
Ecoregion,Naturalized,6
Ecoregion,Naturalized,1
Ecoregion,Naturalized,1
Ecoregion,Naturalized,29
Ecoregion,Naturalized,2
Ecoregion,Naturalized,21
Ecoregion,Naturalized,1
Ecoregion,Naturalized,5
Ecoregion,Naturalized,14
Ecoregion,Naturalized,2
Ecoregion,Naturalized,4
Ecoregion,Naturalized,1
Ecoregion,Naturalized,1
Ecoregion,Naturalized,1
Ecoregion,Naturalized,2
Ecoregion,Naturalized,3
Ecoregion,Naturalized,2
Ecoregion,Naturalized,15
Ecoregion,Naturalized,1
Ecoregion,Naturalized,6
Ecoregion,Naturalized,2
Ecoregion,Naturalized,4
Ecoregion,Naturalized,10
Ecoregion,Naturalized,10
Ecoregion,Naturalized,2
Ecoregion,Naturalized,12
Ecoregion,Naturalized,4
Ecoregion,Naturalized,6
Ecoregion,Naturalized,8
Ecoregion,Naturalized,17
Ecoregion,Naturalized,6
Ecoregion,Naturalized,7
Ecoregion,Naturalized,1
Ecoregion,Naturalized,1
Ecoregion,Naturalized,2
Ecoregion,Naturalized,2
Ecoregion,Naturalized,1
Ecoregion,Naturalized,1
Ecoregion,Naturalized,5
Ecoregion,Naturalized,5
Ecoregion,Naturalized,4
Ecoregion,Naturalized,2
Ecoregion,Naturalized,15
Habitat,Naturalized,5
Habitat,Naturalized,10
Habitat,Naturalized,4
Habitat,Naturalized,1
Habitat,Naturalized,4
Habitat,Naturalized,9
Habitat,Naturalized,6
Habitat,Naturalized,9
Habitat,Naturalized,12
Habitat,Naturalized,6
Habitat,Naturalized,3
Habitat,Naturalized,7
Habitat,Naturalized,6
Habitat,Naturalized,1
Habitat,Naturalized,11
Habitat,Naturalized,9
Habitat,Naturalized,5
Habitat,Naturalized,6
Habitat,Naturalized,9
Habitat,Naturalized,6
Habitat,Naturalized,5
Habitat,Naturalized,4
Habitat,Naturalized,2
Habitat,Naturalized,6
Habitat,Naturalized,4
Habitat,Naturalized,6
Habitat,Naturalized,4
Habitat,Naturalized,7
Habitat,Naturalized,9
Habitat,Naturalized,8
Habitat,Naturalized,7
Habitat,Naturalized,7
Habitat,Naturalized,16
Habitat,Naturalized,1
Habitat,Naturalized,13
Habitat,Naturalized,4
Habitat,Naturalized,8
Habitat,Naturalized,10
Habitat,Naturalized,10
Habitat,Naturalized,13
Habitat,Naturalized,20
Habitat,Naturalized,4
Habitat,Naturalized,2
Habitat,Naturalized,10
Habitat,Naturalized,9
Habitat,Naturalized,12
Habitat,Naturalized,1
Habitat,Naturalized,11
Habitat,Naturalized,4
Habitat,Naturalized,3
Habitat,Naturalized,8
Habitat,Naturalized,5
Habitat,Naturalized,13
Habitat,Naturalized,10
Habitat,Naturalized,8
Habitat,Naturalized,7
Habitat,Naturalized,17
Habitat,Naturalized,4
Habitat,Naturalized,10
Habitat,Naturalized,10
Habitat,Naturalized,7
Habitat,Naturalized,11
Habitat,Naturalized,3
Habitat,Naturalized,7
Habitat,Naturalized,12
Habitat,Naturalized,8
Habitat,Naturalized,1
Habitat,Naturalized,11
Habitat,Naturalized,9
Habitat,Naturalized,8
Habitat,Naturalized,9
Habitat,Naturalized,11
Habitat,Naturalized,7
Habitat,Naturalized,4
Habitat,Naturalized,9
Habitat,Naturalized,10
Habitat,Naturalized,6
Habitat,Naturalized,3
Habitat,Naturalized,7
Habitat,Naturalized,7
Habitat,Naturalized,7
Habitat,Naturalized,4
Habitat,Naturalized,5
Habitat,Naturalized,9
