Acc_Species_Name,Sp.Categorisation,General.Information,Native.Range,Introduction,Economic.Uses,Market.Dynamics,Habitat,Naturalized.Range,Occurrence,LULC,Anthromes,Ecoregions,Climate
Abelmoschus manihot (L.) Medik.,1,1,1,1,1,,,1,1,1,1,1,1
Abutilon auritum (Wall. ex Link) Sweet,1,1,,,,,,1,1,1,1,1,1
Acacia auriculiformis Benth.,1,1,1,1,1,1,1,1,1,1,1,1,1
Acacia balfourii Woodrow,1,1,,,,,,,,,,,
Acacia concurrens Pedley,1,1,1,,,,,,,,,,
Acacia cornigera (L.) Willd.,1,1,1,,,,,,,,,,
Acacia cultriformis G.Don,1,1,1,,1,,,1,,,,,
Acacia dealbata Link,1,1,1,1,1,1,1,1,1,1,1,1,1
Acacia decora Rchb.f.,1,1,1,,,,,,,,,,
Acacia farnesiana (L.) Willd.,1,1,1,1,1,1,1,1,,,,,
Acacia holosericea G.Don,1,1,1,,1,1,,1,,,,,
Acacia linifolia (Vent.) Willd.,1,1,1,,,,,,,,,,
Acacia longifolia (Andrews) Willd.,1,1,1,1,1,,1,1,1,1,1,1,1
Acacia mearnsii De Wild.,1,1,1,1,1,1,1,1,1,1,1,1,1
Acacia melanoxylon R.Br.,1,1,1,1,1,,1,1,1,1,1,1,1
Acacia myrtifolia (Sm.) Willd.,1,1,1,1,,,,,,,,,
Acacia neriifolia Benth.,1,1,1,1,1,,,1,1,1,1,1,1
Acacia nilotica (L.) Delile,1,1,1,1,1,1,1,1,1,1,1,1,1
Acacia omalophylla Benth.,1,1,1,,,,,,,,,,
Acacia paradoxa DC.,1,1,1,,1,,,1,,,,,
Acacia pulchella R.Br.,1,1,1,1,,,,1,,,,,
Acacia pycnantha Benth.,1,1,1,1,1,,,1,1,1,1,1,1
Acacia retinodes Schltdl.,1,1,,,1,,,1,,,,,
Acacia richii A.Gray,1,1,1,,,,,,,,,,
Acacia saligna (Labill.) H.L.Wendl.,1,1,1,1,1,,1,1,,,,,
Acacia senegal (L.) Willd.,1,1,1,1,1,1,,1,1,1,1,1,1
Acacia sphaerocephala Cham. & Schltdl.,1,1,1,,,,,,,,,,
Acacia truncata Hoffmanns.,1,1,1,,,,,,,,,,
Acacia verticillata (L'Her.) Willd.,1,1,1,,1,,,1,,,,,
Acalypha ciliata Forssk.,1,1,,1,,,,,1,1,1,1,1
Acanthospermum hispidum DC.,1,1,1,1,1,1,1,1,1,1,1,1,1
Acanthus mollis L.,1,1,1,,1,,,1,,,,,
Acanthus montanus (Nees) T.Anderson,1,1,1,,,1,,1,,,,,
Acer pseudoplatanus L.,1,1,1,1,1,,1,1,1,1,1,1,1
Achetaria azurea (Linden) V.C.Souza,1,1,,,,,,1,,,,,
Achillea millefolium L.,1,1,1,1,1,1,1,1,1,1,1,1,1
Achimenes longiflora DC.,1,1,1,,1,,,,,,,,
Achyranthes aspera L.,1,1,1,1,1,1,1,1,1,1,1,1,1
Acmella ciliata (Kunth) Cass.,1,1,,1,,,,1,1,1,1,1,1
Acmella radicans (Jacq.) R.K.Jansen,1,1,,1,,,,1,1,1,1,1,1
Acmella uliginosa (Sw.) Cass.,1,1,1,1,1,1,1,1,1,1,1,1,1
Adenophyllum cooperi (A.Gray) Strother,1,1,1,,,,,,,,,,
Adenostemma lavenia (L.) Kuntze,1,1,1,1,,,,1,1,1,1,1,1
Adonidia merrillii (Becc.) Becc.,1,1,1,1,1,1,,1,1,1,1,1,1
Aechmea nudicaulis (L.) Griseb.,1,1,1,1,,1,,1,1,1,1,1,1
Aeluropus lagopoides (L.) Thwaites,1,1,1,1,,,,1,1,1,1,1,1
Aeonium arboreum Webb & Berthel.,1,1,1,,1,1,,1,,,,,
Aerva javanica (Burm.f.) Juss. ex Schult.,1,1,1,1,1,,,1,1,1,1,1,1
Aeschynomene americana L.,1,1,1,1,1,1,1,1,1,1,1,1,1
Aeschynomene brasiliana (Poir.) DC.,1,1,1,,,,,,,,,,
Aeschynomene indica L.,1,1,1,1,1,1,1,1,1,1,1,1,1
Agapanthus africanus (L.) Hoffmanns.,1,1,1,1,1,1,,1,1,1,1,1,1
Agapanthus praecox Willd.,1,1,1,,1,,,1,,,,,
Agave americana L.,1,1,1,1,1,1,1,1,1,1,1,1,1
Agave cantala (Haw.) Roxb. ex Salm-Dyck,1,1,,,,,,1,,,,,
Agave salmiana Otto ex Salm-Dyck,1,1,1,,,1,,1,,,,,
Agave vera-cruz Mill.,1,1,,,,,,1,,,,,
Agave vivipara L.,1,1,1,,,1,,1,1,1,1,1,1
Ageratina adenophora (Spreng.) R.M.King & H.Rob.,1,1,1,1,1,1,1,1,1,1,1,1,1
Ageratina ligustrina (DC.) R.M.King & H.Rob.,1,1,1,,,,,1,,,,,
Ageratina riparia (Regel) R.M.King & H.Rob.,1,1,1,1,1,,1,1,1,1,1,1,1
Ageratum conyzoides (L.) L.,1,1,1,1,1,1,1,1,1,1,1,1,1
Ageratum houstonianum Mill.,1,1,1,1,1,1,1,1,1,1,1,1,1
Agonis flexuosa (Muhl. ex Willd.) Sweet,1,1,1,,1,,,,,,,,
Agrostemma githago L.,1,1,1,,1,,,1,,,,,
Agrostis idahoensis Nash,1,1,1,,1,,,1,,,,,
Aidia cochinchinensis Lour.,1,1,1,1,,,,,,,,,
Ailanthus altissima (Mill.) Swingle,1,1,,1,1,,1,1,1,1,1,1,1
Aiphanes horrida (Jacq.) Burret,1,1,1,,1,,,,,,,,
Albizia lebbeck (L.) Benth.,1,1,,1,1,1,1,1,1,1,1,1,1
Albizia niopoides (Benth.) Burkart,1,1,1,1,4,,1,1,,,,,
Alcea rosea L.,1,1,,1,1,1,,1,1,1,1,1,1
Aleurites rockinghamensis (Baill.) P.I.Forst.,1,1,1,,,,,,,,,,
Alisma gramineum Lej.,1,1,,,,,,1,,,,,
Alisma lanceolatum With.,1,1,1,,,,,1,1,1,1,1,1
Allamanda cathartica L.,1,1,1,1,1,1,1,1,,,,,1
Alliaria petiolata (M.Bieb.) Cavara & Grande,1,1,1,1,1,,1,1,1,1,1,1,1
Allium ampeloprasum L.,1,1,1,1,,,,1,1,1,1,1,1
Allocasuarina acuaria (F.Muell.) L.A.S.Johnson,1,1,1,,,,,,,,,,
Allocasuarina littoralis (Salisb.) L.A.S.Johnson,1,1,1,,,,,1,,,,,
Allocasuarina torulosa (Aiton) L.A.S.Johnson,1,1,1,,1,,,,,,,,
Allocasuarina verticillata (Lam.) L.A.S.Johnson,1,1,1,,,,,1,,,,,
Alnus glutinosa (L.) Gaertn.,1,1,1,1,1,,1,1,1,1,1,1,1
Aloe vera (L.) Burm.f.,1,1,1,1,1,1,1,1,1,1,1,1,1
Alopecurus aequalis Sobol.,1,1,1,1,,,,1,1,1,1,1,1
Alopecurus arundinaceus Poir.,1,1,1,1,1,,,1,1,1,1,1,1
Aloysia citriodora Palau,1,1,1,1,1,,,1,,,,,
Alphitonia excelsa (Fenzl) Reissek ex Benth.,1,1,1,,1,,,,,,,,
Alpinia oceanica Burkill,1,1,,,,,,,,,,,
Alpinia purpurata (Vieill.) K.Schum.,1,1,1,1,1,1,1,1,1,1,1,1,1
Alpinia vittata W.Bull,1,1,,1,1,1,,,1,1,1,1,1
Alstonia neriifolia D.Don,1,1,,1,1,,,,1,1,1,1,1
Alstroemeria aurea Graham,1,1,1,1,1,1,,1,1,1,1,1,1
Alternanthera bettzickiana (Regel) G.Nicholson,1,1,,1,1,,1,1,1,1,1,1,1
Alternanthera brasiliana (L.) Kuntze,1,1,1,1,1,,,1,1,1,1,1,1
Alternanthera caracasana Kunth,1,1,1,,,,,1,,,,,
Alternanthera ficoidea (L.) Sm.,1,1,1,1,1,1,,1,1,1,1,1,1
Alternanthera littoralis P.Beauv.,1,1,1,,,,,1,,,,,
Alternanthera paronychioides A.St.-Hil.,1,1,1,1,1,,,1,1,1,1,1,1
Alternanthera philoxeroides (Mart.) Griseb.,1,1,1,1,1,,1,1,1,1,1,1,1
Alternanthera pungens Kunth,1,1,1,1,1,1,,1,1,1,1,1,1
Alternanthera sessilis (L.) R.Br. ex DC.,1,1,1,1,1,1,1,1,1,1,1,1,1
Alternanthera spinosa (Hornem.) Schult.,1,1,,,,,,,,,,,
Althaea ludwigii L.,1,1,,1,,,,1,,,,,
Althaea officinalis L.,1,1,1,,1,1,,1,1,1,1,1,1
Alysicarpus vaginalis (L.) DC.,1,1,1,1,1,,1,1,1,1,1,1,1
Amaranthus blitum L.,1,1,1,1,1,,1,1,1,1,1,1,1
Amaranthus caudatus L.,1,1,,1,1,1,,1,1,1,1,1,1
Amaranthus cruentus L.,1,1,,1,1,,,1,1,1,1,1,1
Amaranthus hybridus L.,1,1,1,1,1,,1,1,1,1,1,1,1
Amaranthus palmeri S.Watson,1,1,1,,1,,,1,,,,,
Amaranthus polygonoides L.,1,1,1,,,,,1,,,,,
Amaranthus retroflexus L.,1,1,1,1,1,,1,1,1,1,1,1,1
Amaranthus spinosus L.,1,1,,1,1,1,1,1,1,1,1,1,1
Amaranthus tricolor L.,1,1,,1,1,,1,1,1,1,1,1,1
Amaranthus viridis L.,1,1,,1,1,,1,1,1,1,1,1,1
Amaryllis belladonna L.,1,1,1,,1,1,,1,,,,,
Ambrosia artemisiifolia L.,1,1,1,1,1,,1,1,1,1,1,1,1
Ambrosia polystachya DC.,1,1,,,,,,,,,,,
Amphilophium buccinatorium (DC.) L.G.Lohmann,1,1,1,1,1,,,1,,,,,
Anacardium occidentale L.,1,1,1,1,1,1,,1,1,1,1,1,1
Anacyclus australis Sieber,1,1,1,,,,,,,,,,
Anagallis arvensis L.,1,1,,1,1,,1,1,,,,,
Andropogon hallii Hack.,1,1,1,,,,,1,,,,,
Anemone hupehensis (É.Lemoine) É.Lemoine,1,1,1,,,,,1,,,,,
Anethum graveolens L.,1,1,,1,1,1,1,1,1,1,1,1,1
Angelonia biflora Benth.,1,1,,,,,,1,,,,,
Angelonia gardneri Hook.,1,1,,1,,,,1,,,,,
Angophora floribunda (Sm.) Sweet,1,1,,,,,,,,,,,
Angophora subvelutina F.Muell.,1,1,1,,,,,,,,,,
Anigozanthos flavidus DC.,1,1,1,,1,,,1,,,,,
Annona glabra L.,1,1,1,1,1,,1,1,1,1,1,1,1
Anoda cristata (L.) Schltdl.,1,1,1,1,1,,,1,,,,,
Anredera baselloides (Kunth) Baill.,1,1,1,1,1,,1,1,1,1,1,1,1
Anredera cordifolia (Ten.) Steenis,1,1,1,1,1,,1,1,1,1,1,1,1
Anthemis cotula L.,1,1,1,1,1,,1,1,1,1,1,1,1
Anthoxanthum odoratum L.,1,1,1,,1,,1,1,,,1,,
Anthurium andraeanum Linden ex André,1,1,1,1,1,,,,1,1,,1,1
Anthurium spathiphyllum N.E.Br.,1,1,,,,,,,,,,,
Antigonon leptopus Hook. & Arn.,1,1,1,1,1,1,1,1,1,1,1,1,1
Antirrhinum majus L.,1,1,1,1,1,,,1,1,1,1,1,1
Aphelandra arborea (Mill.) M.R.Almeida,1,1,,,,,,,,,,,
Aphelandra aurantiaca (Scheidw.) Lindl.,1,1,1,,1,,,,,,,,
Aphelandra scabra (Vahl) Sm.,1,1,1,,,,,,,,,,
Aphloia theiformis (Vahl) Benn.,1,1,,1,,,,,1,1,1,1,1
Apium graveolens L.,1,1,1,1,1,1,,1,1,1,1,1,1
Aponogeton abyssinicus Hochst. ex A.Rich.,1,1,1,,,,,,,,,,
Aponogeton distachyos L.f.,1,1,1,1,1,,,1,,,,,
Aquilegia vulgaris L.,1,1,1,1,1,,,1,1,1,1,1,1
Arachis glabrata Benth.,1,1,1,,1,1,,1,,,,,
Arachis pintoi Krapov. & W.C.Greg.,1,1,1,,1,1,,1,,,,,
Araucaria heterophylla (Salisb.) Franco,1,1,1,1,1,1,,1,1,1,1,1,1
Arceuthobium minutissimum Hook.f.,1,1,,1,,,1,,1,1,1,1,1
Arceuthobium oxycedri (DC.) M.Bieb.,1,1,1,1,,,1,,,,,,
Archontophoenix cunninghamiana (H.Wendl.) H.Wendl. & Drude,1,1,1,,1,,,1,,,,,
Arctium lappa L.,1,1,1,1,1,,,1,1,1,1,1,1
Ardisia crenata Sims,1,1,1,1,1,1,1,1,1,1,1,1,1
Areca catechu L.,1,1,1,1,1,1,,1,1,1,1,1,1
Arenaria serpyllifolia L.,1,1,1,1,1,,,1,1,1,1,1,1
Arenga obtusifolia Mart.,1,1,1,1,1,,,,1,1,1,1,1
Argemone mexicana L.,1,1,1,1,1,1,1,1,1,1,1,1,1
Argemone ochroleuca Sweet,1,1,1,1,1,,1,1,1,1,1,1,1
Argemone subfusiformis Ownbey,1,1,1,,1,,,1,,,,,
Aristea ecklonii Baker,1,1,1,,,1,,1,,,,,
Aristida adscensionis L.,1,1,,1,,,,1,1,1,1,1,1
Aristida mutabilis Trin. & Rupr.,1,1,,1,,,,,1,1,1,1,1
Aristolochia inflata Kunth,1,1,,,,,,,,,,,
"Armoracia rusticana P.Gaertn., B.Mey. & Scherb.",1,1,1,,,1,,1,,,,,
Artemisia dracunculus L.,1,1,1,1,1,1,,1,1,1,1,1,1
Artemisia siversiana Ehrh. ex Willd.,1,1,,1,,,,1,1,,1,1,1
Arundo donax L.,1,1,1,1,1,1,1,1,1,1,1,1,1
Asclepias curassavica L.,1,1,1,1,1,1,1,1,1,1,1,1,1
Asparagus africanus Lam.,1,1,1,,1,,,1,,,,,
Asparagus densiflorus (Kunth) Jessop,1,1,1,1,1,1,1,1,1,1,1,1,1
Asparagus officinalis L.,1,1,1,1,1,1,,1,1,1,1,1,1
Asphodelus tenuifolius Cav.,1,1,1,1,1,,,1,1,1,1,1,1
Aster amellus L.,1,1,1,1,1,,,1,1,1,1,1,1
Atriplex hortensis L.,1,1,,1,1,,,1,1,1,1,1,1
Atriplex vesicaria Heward ex Benth.,1,1,1,,,,,,,,,,
Attalea speciosa Mart.,1,1,1,,1,,,,,,,,
Avena sativa L.,1,1,,1,1,,,1,1,1,1,1,1
Avena sterilis L.,1,1,1,1,1,,1,1,1,1,1,1,1
Axonopus compressus (Sw.) P.Beauv.,1,1,1,1,1,,1,1,1,1,1,1,1
Axonopus fissifolius (Raddi) Kuhlm.,1,1,1,1,1,,1,1,,,,,
Ayapana triplinervis (Vahl) R.M.King & H.Rob.,1,1,1,,1,,,1,,,,,
Azadirachta indica A.Juss.,1,1,1,1,1,1,1,1,1,1,1,1,1
Azolla filiculoides Lam.,1,1,1,1,1,,1,1,,,,,
Babiana stricta (Aiton) Ker Gawl.,1,1,1,,1,,,1,,,,,
Babiana villosa (Aiton) Ker Gawl.,1,1,,,,,,,,,,,
Bacopa monnieri (L.) Wettst.,1,1,1,1,1,1,1,1,1,1,1,1,1
Bambusa vulgaris Schrad.,1,1,1,1,1,,1,1,1,1,1,1,1
Banksia marginata Cav.,1,1,1,,1,,,,,,,,
Barbarea intermedia Boreau,1,1,1,1,,,,1,1,1,1,1,1
Barbarea verna (Mill.) Asch.,1,1,1,,,,,1,,,,,
Barleria cristata L.,1,1,1,1,1,1,1,1,1,1,1,1,1
Bartlettina sordida (Less.) R.M.King & H.Rob.,1,1,1,,,,,1,,,,,
Bauhinia purpurea L.,1,1,1,1,1,1,1,1,1,1,1,1,1
Bauhinia rufescens Lam.,1,1,1,1,1,,,,,,,,
Beaucarnea recurvata Lem.,1,1,1,1,1,1,,1,1,1,1,1,1
Begonia cucullata Willd.,1,1,1,1,1,,,1,1,1,1,1,1
Begonia hirtella Link,1,1,1,,,,,1,,,,,
Bellis annua L.,1,1,,,,,,,,,,,
Bellis perennis L.,1,1,1,1,1,,,1,1,1,1,1,1
Bidens aristosa (Michx.) Britton,1,1,1,,,,,1,,,,,
Bidens biternata (Lour.) Merr. & Sherff,1,1,1,1,1,,,1,1,1,1,1,1
Bidens cernua L.,1,1,1,1,,,,1,1,1,1,1,1
Bidens pilosa L.,1,1,1,1,1,,1,1,1,1,1,1,1
Bidens triplinervia Kunth,1,1,1,1,,,,,,,,,
Bignonia binata Thunb.,1,1,1,,,,,,,,,,
Bignonia callistegioides Cham.,1,1,1,,,,,,,,,,
Billardiera heterophylla (Lindl.) L.W.Cayzer & Crisp,1,1,1,,1,,,1,,,,,
Biophytum sensitivum (L.) DC.,1,1,1,1,1,1,,1,1,1,1,1,1
Blainvillea acmella (L.) Philipson,1,1,1,1,1,,,1,1,1,1,1,1
Blumea eriantha DC.,1,1,,1,,,,,,,,,
Blumea lacera (Burm.f.) DC.,1,1,1,1,1,1,,1,1,1,1,1,1
Blumea obliqua (L.) Druce,1,1,,1,,,,1,1,1,1,1,1
Boerhavia diffusa L.,1,1,1,1,1,,1,1,1,1,1,1,1
Boerhavia erecta L.,1,1,1,1,,1,,1,1,1,1,1,1
Boesenbergia rotunda (L.) Mansf.,1,1,1,1,,,,,,,,,
Bomarea multiflora (L.f.) Mirb.,1,1,1,,,,,1,,,,,
Borago officinalis L.,1,1,1,,1,1,,1,,,,,
Borassus flabellifer L.,1,1,1,1,1,1,,1,1,1,1,1,1
Bougainvillea glabra Choisy,1,1,1,1,1,1,,1,1,1,1,1,1
Bougainvillea spectabilis Willd.,1,1,1,1,1,1,1,1,1,1,1,1,1
Brachiaria brizantha (A.Rich.) Stapf,1,1,1,,1,,,1,,,,,
Brachiaria decumbens Stapf,1,1,1,,1,,1,1,,,,,
Brachiaria mutica (Forssk.) Stapf,1,1,,1,1,,1,1,,,,,
Brachiaria ramosa (L.) Stapf,1,1,1,,1,,,1,1,1,1,1,1
Brachiaria villosa (Lam.) A.Camus,1,1,,1,,,,1,1,1,1,1,1
Brachychiton discolor F.Muell.,1,1,1,,1,,,,,,,,
Brassica juncea (L.) Czern.,1,1,,1,1,1,1,1,1,1,1,1,1
Brassica rapa L.,1,1,,1,1,,1,1,1,1,1,1,1
Brassica tournefortii Gouan,1,1,1,1,1,,1,1,,,,,
Brexia madagascariensis (Lam.) Thouars ex Ker Gawl.,1,1,,,,,,,,,,,
Breynia disticha J.R.Forst. & G.Forst.,1,1,1,1,1,1,1,1,1,1,1,1,1
Briza maxima L.,1,1,1,1,1,,1,1,1,1,1,1,1
Briza minor L.,1,1,1,1,1,,,1,1,1,1,1,1
Bromus arvensis L.,1,1,1,1,1,,,1,,,,,
Bromus catharticus Vahl,1,1,1,1,,,,1,1,1,1,1,1
Bromus diandrus Roth,1,1,1,,,,1,1,,,,,
Bromus inermis Leyss.,1,1,1,,,,,1,1,1,1,1,1
Bromus tectorum L.,1,1,1,1,1,,1,1,1,1,1,1,1
Broussonetia papyrifera (L.) L'Hér. ex Vent.,1,1,1,1,1,1,1,1,1,1,1,1,1
Browallia speciosa Hook.,1,1,1,,1,,,,,,,,
Brugmansia suaveolens (Willd.) Sweet,1,1,1,1,1,1,1,1,1,1,1,1,1
Brugmansia versicolor Lagerh.,1,1,1,1,1,,,,1,1,1,1,1
Brunfelsia americana L.,1,1,1,1,1,1,,1,,,,,
Brunfelsia grandiflora D.Don,1,1,1,,1,1,,,,,,,
Brunfelsia undulata Sw.,1,1,,,,,,,,,,,
Brya ebenus (L.) DC.,1,1,1,1,,1,,1,1,1,1,1,1
Bryophyllum fedtschenkoi (Raym.-Hamet & H.Perrier) Lauz.-March.,1,1,,,,1,,1,,,,,
Bryophyllum pinnatum (Lam.) Oken,1,1,1,1,1,1,1,1,,,,,
Buddleja davidii Franch.,1,1,1,1,1,1,1,1,,,,,
Buddleja lindleyana Fortune,1,1,1,,1,,,1,,,,,
Butia yatay (Mart.) Becc.,1,1,1,,1,,,,,,,,
Butomus umbellatus L.,1,1,1,1,1,,,1,1,1,1,1,1
Buxus sempervirens L.,1,1,1,1,1,,,1,1,1,1,1,1
Byrsonima verbascifolia (L.) DC.,1,1,1,1,,,,,1,1,1,1,1
Cabomba caroliniana A.Gray,1,1,1,1,1,,1,1,,,,,
Cabomba furcata Schult. & Schult.f.,1,1,1,,,,,1,,,,,
Caesalpinia gilliesii (Hook.) D.Dietr.,1,1,1,1,1,,,1,1,1,1,1,1
Caladium bicolor (Aiton) Vent.,1,1,1,1,1,1,1,1,1,1,1,1,1
Calanthe striata R.Br. ex Lindl.,1,1,1,,1,,,,,,,,
Calathea ornata (Linden) Körn.,1,1,1,,1,1,,,,,,,
Calathea zebrina (Sims) Lindl.,1,1,1,,1,1,,1,,,,,
Calceolaria mexicana Benth.,1,1,1,1,1,,,1,1,1,1,1,1
Calceolaria tripartita Ruiz & Pav.,1,1,1,1,,,,1,1,1,1,1,1
Calendula officinalis L.,1,1,,1,1,,,1,1,1,1,1,1
Callaeum macropterum (DC.) D.M.Johnson,1,1,1,,1,,,,,,,,
Calliandra inermis (L.) Druce,1,1,,,,,,,,,,,
Calliandra surinamensis Benth.,1,1,1,1,1,,,1,1,1,1,1,1
Calliandra tergemina (L.) Benth.,1,1,1,1,,,,,1,1,1,1,1
Callisia repens (Jacq.) L.,1,1,1,1,1,1,1,1,,,,,
Callistemon citrinus (Curtis) Skeels,1,1,1,1,1,1,,1,1,1,1,1,1
Callistemon salignus (Sm.) Colv. ex Sweet,1,1,1,,1,,,1,,,,,
Callistemon viminalis (Sol. ex Gaertn.) G.Don,1,1,1,1,1,,,1,1,1,1,1,1
Callitris rhomboidea R.Br. ex Rich. & A.Rich.,1,1,1,1,1,,,1,,,,,
Calluna vulgaris (L.) Hull,1,1,1,,1,,,1,,,,,
Calopogonium mucunoides Desv.,1,1,1,1,1,,1,1,1,1,1,1,1
Calotropis gigantea (L.) Dryand.,1,1,1,1,1,1,,1,1,1,1,1,1
Calotropis procera (Aiton) Dryand.,1,1,1,1,1,,1,1,1,1,1,1,1
Calyptocarpus vialis Less.,1,1,1,1,,,,1,1,1,1,1,1
Camellia sinensis (L.) Kuntze,1,1,1,1,1,1,,1,1,1,1,1,1
Campanula drabifolia Sm.,1,1,1,,,,,,,,,,
Campanula medium L.,1,1,1,,1,,,1,,,,,
Campanula rapunculoides L.,1,1,1,,1,,,1,,,,,
Canarium vulgare Leenh.,1,1,1,,1,,,1,,,,,
Canavalia africana Dunn,1,1,1,,,,,,,,,,
Cannabis sativa L.,1,1,,1,1,1,,1,1,1,1,1,1
Canscora diffusa (Vahl) R.Br. ex Roem. & Schult.,1,1,1,1,1,1,,1,1,1,1,1,1
Capsella bursa-pastoris (L.) Medik.,1,1,1,1,1,,1,1,1,1,1,1,1
Cardamine africana L.,1,1,1,1,,,,1,,,,,
Cardamine flexuosa With.,1,1,1,1,,,,1,1,1,1,1,1
Cardamine hirsuta L.,1,1,1,1,,,,1,1,1,1,1,1
Cardamine trichocarpa Hochst. ex A.Rich.,1,1,,1,,,,1,,,,,
Cardiospermum halicacabum L.,1,1,1,1,1,1,1,1,1,1,1,1,1
Carduus edelbergii Rech.f.,1,1,,1,,,,1,1,1,1,1,1
Carduus nutans L.,1,1,1,1,1,,1,1,1,1,1,1,1
Carex diandra Schrank,1,1,1,,,,,,1,1,1,1,1
Carex diluta M.Bieb.,1,1,,,,,,,1,1,1,1,1
Carpesium abrotanoides L.,1,1,1,1,1,,,1,1,1,1,1,1
Carthamus lanatus L.,1,1,1,1,,,,1,1,1,1,1,1
Carthamus oxyacantha M.Bieb.,1,1,1,1,,,,1,,,,,
Carthamus oxyacanthus M.Bieb.,1,1,,1,,,,1,1,1,1,1,1
Cassia artemisioides DC.,1,1,1,,1,,,,,,,,
Cassia javanica L.,1,1,1,1,1,1,1,1,1,1,1,1,1
Cassia renigera Benth.,1,1,1,1,1,1,,,1,1,1,1,1
Cassytha filiformis L.,1,1,1,1,1,1,1,1,1,1,1,1,1
Castanea crenata Siebold & Zucc.,1,1,1,1,1,,,1,,,,,
Castanospermum australe A.Cunn. & C.Fraser,1,1,1,1,1,1,,1,1,1,1,1,1
Casuarina equisetifolia L.,1,1,1,1,1,1,1,1,1,1,1,1,1
Casuarina glauca Sieber ex Spreng.,1,1,1,,1,,1,1,,,,,
Catalpa bignonioides Walter,1,1,1,,1,,,1,,,,,
Catha edulis (Vahl) Endl.,1,1,1,,1,1,,,,,,,
Catharanthus pusillus (Murray) G.Don,1,1,1,1,1,1,,1,1,1,1,1,1
Catharanthus roseus (L.) G.Don,1,1,1,1,1,1,1,1,1,1,1,1,1
Celosia argentea L.,1,1,,1,1,1,,1,1,1,1,1,1
Celtis australis L.,1,1,1,1,1,,,1,1,1,1,1,1
Celtis sinensis Pers.,1,1,1,,1,,,1,,,,,
Cenchrus clandestinus (Hochst. ex Chiov.) Morrone,1,1,1,1,1,,,1,,,,,
Cenchrus echinatus L.,1,1,1,1,,,1,1,,,,,
Centaurea calcitrapa L.,1,1,1,1,,,,1,1,1,1,1,1
Centaurea iberica Trevir. ex Spreng.,1,1,1,1,1,,1,1,1,1,1,1,1
Centaurea melitensis L.,1,1,1,1,1,,1,1,,,,,
Centratherum punctatum Cass.,1,1,1,1,1,,1,1,1,1,1,1,1
Centrosema molle Benth.,1,1,1,1,1,,,1,,,,,
Centrosema pubescens Benth.,1,1,1,1,1,,,1,1,1,1,1,1
Centrosema virginianum (L.) Benth.,1,1,1,,1,,,1,,,,,
Centrostachys aquatica (R.Br.) Moq.,1,1,1,,,,,1,,,,,
Cerastium glomeratum Thuill.,1,1,1,1,,,,1,1,1,1,1,1
Ceratocephalus falcatus (L.) Pers.,1,1,,,,,,1,,,,,
Ceratophyllum demersum L.,1,1,1,1,1,,1,1,1,1,1,1,1
Ceratotheca triloba (Bernh.) Hook.f.,1,1,1,,1,,,,,,,,
Cereus fernambucensis Lem.,1,1,1,1,,,,,,,,,
Cereus forbesii C.F.Först.,1,1,,,,,,,,,,,
Cereus hexagonus (L.) Mill.,1,1,1,,1,1,,1,,,,,
Cereus hildmannianus K.Schum.,1,1,1,,1,,,1,,,,,
Cereus repandus Haw.,1,1,1,1,1,,,1,,,,,
Cestrum aurantiacum Lindl.,1,1,1,1,1,1,,1,1,1,1,1,1
Cestrum corymbosum Schltdl.,1,1,,,,,,,,,,,
Cestrum diurnum L.,1,1,1,1,1,1,1,1,1,1,1,1,1
Cestrum elegans (Brongn. ex Neumann) Schltdl.,1,1,1,1,1,1,,1,1,1,1,1,1
Cestrum fasciculatum (Schltdl.) Miers,1,1,1,1,1,,,1,,,,,
Cestrum nocturnum L.,1,1,1,1,1,1,1,1,1,1,1,1,1
Chamaecrista absus (L.) H.S.Irwin & Barneby,1,1,1,1,1,1,,1,1,1,1,1,1
Chamaecrista pumila (Lam.) K.Larsen,1,1,1,1,,,,1,1,1,1,1,1
Chamaecrista rotundifolia (Pers.) Greene,1,1,1,,1,,,1,,,,,
Chenopodium album L.,1,1,1,1,1,,1,1,1,1,1,1,1
Chenopodium foliosum Asch.,1,1,1,1,,,,1,,,,,
Chenopodium murale L.,1,1,1,1,1,,1,1,,,,,
Chenopodium opulifolium Schrad. ex W.D.J.Koch & Ziz,1,1,1,1,,,,1,,,,,
Chionochloa conspicua (G.Forst.) Zotov,1,1,1,,,,,,,,,,
Chloris barbata Sw.,1,1,,1,,,1,1,1,1,1,1,1
Chloris gayana Kunth,1,1,1,,1,,,1,,,,,
Chloris pycnothrix Trin.,1,1,1,,1,,,1,,,,,
Christella dentata (Forssk.) Brownsey & Jermy,1,1,,1,,,1,1,1,1,1,1,1
Chromolaena corymbosa (Aubl.) R.M.King & H.Rob.,1,1,,1,,,,,1,1,1,1,1
Chromolaena odorata (L.) R.M.King & H.Rob.,1,1,1,1,1,,1,1,1,1,1,1,1
Chrozophora plicata (Vahl) A.Juss. ex Spreng.,1,1,1,1,1,,,1,1,1,1,1,1
Chrozophora rottleri (Geiseler) A.Juss. ex Spreng.,1,1,,1,,1,,,1,1,1,1,1
Chrysanthemoides monilifera (L.) Norl.,1,1,1,1,1,,1,1,,,,,
Chrysobalanus icaco L.,1,1,1,1,1,,,1,,,,,
Chrysothemis pulchella (Donn ex Sims) Decne.,1,1,,1,,1,,1,1,1,1,1,1
Cichorium endivia L.,1,1,,1,1,,,1,1,1,1,1,1
Cichorium intybus L.,1,1,1,1,1,,,1,1,1,1,1,1
Cinnamomum camphora (L.) J.Presl,1,1,1,1,1,1,1,1,1,1,1,1,1
Cinnamomum cassia (L.) J.Presl,1,1,1,1,1,1,,,,,,,
Cipura paludosa Aubl.,1,1,1,,,,,1,,,,,
Cirsium arvense (L.) Scop.,1,1,1,1,1,,1,1,1,1,1,1,1
Cissampelos pareira L.,1,1,1,1,1,,,1,1,1,1,1,1
Citharexylum spinosum L.,1,1,1,1,1,1,,1,1,1,1,1,1
Citrullus colocynthis (L.) Schrad.,1,1,1,,1,1,,1,1,1,1,1,1
Citrullus lanatus (Thunb.) Matsum. & Nakai,1,1,1,,1,,,1,1,1,1,1,1
Cladium mariscus (L.) Pohl,1,1,1,1,,,,1,1,1,1,1,1
Clarkia unguiculata Lindl.,1,1,1,,1,,,1,,,,,
Clematis flammula L.,1,1,1,,1,,,1,,,,,
Clematis recta L.,1,1,1,,1,1,,1,1,1,,1,1
Clematis terniflora DC.,1,1,1,1,1,,1,1,1,1,1,1,1
Clematis vitalba L.,1,1,1,1,1,,1,1,,,,,
Cleome chelidonii L.f.,1,1,,1,1,,,,,,,,
Cleome gynandra L.,1,1,1,1,1,,,1,,,,,
Cleome monophylla L.,1,1,,,,1,,1,,,,,
Cleome rosea Vahl ex DC.,1,1,,,,,,,,,,,
Cleome rutidosperma DC.,1,1,1,1,1,,1,1,,,,,
Cleome spinosa Jacq.,1,1,,,,1,,1,,,,,
Cleome viscosa L.,1,1,,1,1,1,1,1,,,,,
Cleoserrata speciosa (Raf.) Iltis,1,1,1,1,1,,,1,1,1,1,1,1
Clerodendrum capitatum (Willd.) Schumach. & Thonn.,1,1,,,,,,,,,,,
Clerodendrum chinense (Osbeck) Mabb.,1,1,1,1,1,1,1,1,1,1,1,1,1
Clerodendrum paniculatum L.,1,1,1,,1,1,,1,1,1,1,1,1
Clerodendrum thomsoniae Balf.f.,1,1,1,1,1,1,1,1,1,1,1,1,1
Clethra arborea Aiton,1,1,1,,,,,,,,,,
Clianthus puniceus (G.Don) Lindl.,1,1,1,,1,,,1,,,,,
Clidemia hirta (L.) D.Don,1,1,1,1,1,1,1,1,1,1,1,1,1
Clinanthus coccineus (Ruiz & Pav.) Meerow,1,1,1,,,,,,,,,,
Clinopodium vulgare L.,1,1,1,1,1,,,1,1,1,1,1,1
Clitoria ternatea L.,1,1,,1,1,1,1,1,1,1,1,1,1
Cobaea scandens Cav.,1,1,1,,1,,,1,,,,,
Coccothrinax barbadensis (Lodd. ex Mart.) Becc.,1,1,1,,1,,,,,,,,
Cocos nucifera L.,1,1,1,1,1,1,1,1,1,1,1,1,1
Coix lacryma-jobi L.,1,1,1,1,1,,1,1,1,1,1,1,1
Coldenia procumbens L.,1,1,1,1,,,,,1,1,1,1,1
Colea colei (Bojer ex Hook.) M.L.Green,1,1,,,,,,,,,,,
Colletia spinosissima J.F.Gmel.,1,1,1,,,,,,,,,,
Colocasia esculenta (L.) Schott,1,1,1,1,1,,1,1,1,1,1,1,1
Combretum indicum (L.) DeFilipps,1,1,1,1,1,1,1,1,1,1,1,1,1
Commelina virginica L.,1,1,1,,,,,1,,,,,
Commiphora gileadensis (L.) C.Chr.,1,1,1,,1,,,,,,,,
Congea velutina Wight,1,1,1,,,1,,1,,,,,
Consolida regalis Gray,1,1,1,,1,,,1,,,,,
Convolvulus arvensis L.,1,1,1,1,1,,,1,1,1,1,1,1
Conyza sumatrensis (S.F.Blake) Pruski & G.Sancho,1,1,1,1,,,1,1,1,,1,1,1
Corchorus aestuans L.,1,1,1,1,,,,1,1,1,1,1,1
Corchorus capsularis L.,1,1,,1,1,1,,1,1,1,1,1,1
Corchorus fascicularis Lam.,1,1,,1,,,,1,1,1,1,1,1
Corchorus olitorius L.,1,1,1,,1,1,,1,1,1,1,1,1
Corchorus tridens L.,1,1,1,1,,1,,1,1,1,1,1,1
Corchorus trilocularis L.,1,1,1,,1,1,,1,1,1,1,1,1
Cordia cylindrostachya (Ruiz & Pav.) Roem. & Schult.,1,1,,,,,,1,,,,,
Cordyline australis Hook.f.,1,1,1,,1,,,1,,,,,
Cordyline fruticosa (L.) A.Chev.,1,1,,1,1,1,1,1,1,1,1,1,1
Cordyline pumilio Hook.f.,1,1,1,,,,,1,,,,,
Coreopsis grandiflora Hogg ex Sweet,1,1,1,,1,1,,1,1,,1,1,1
Coriandrum sativum L.,1,1,,1,1,,1,1,1,1,1,1,1
Cortaderia selloana (Schult. & Schult.f.) Asch. & Graebn.,1,1,1,1,1,1,1,1,,,,,
Corymbia citriodora (Hook.) K.D.Hill & L.A.S.Johnson,1,1,1,1,1,1,1,1,1,1,1,1,1
Corymbia maculata (Hook.) K.D.Hill & L.A.S.Johnson,1,1,1,,1,,,1,,,,,
Cosmos bipinnatus Cav.,1,1,1,,1,,,1,1,1,1,1,1
Cosmos sulphureus Cav.,1,1,1,1,1,,1,1,1,1,1,1,1
Costus erythrophyllus Loes.,1,1,1,1,,1,,,,,,,
Costus malortieanus H.Wendl.,1,1,1,,,1,,1,,,,,
Cotoneaster transens G.Klotz,1,1,,,,,,1,,,,,
Cotula australis (Sieber ex Spreng.) Hook.f.,1,1,1,,,,,1,1,1,1,1,1
Crassocephalum crepidioides (Benth.) S.Moore,1,1,1,1,1,,1,1,1,1,1,1,1
Crassocephalum vitellinum (Benth.) S.Moore,1,1,1,1,1,,,1,1,1,1,1,1
Crassula coccinea L.,1,1,1,,,,,1,,,,,
Crassula multicava Lem.,1,1,1,1,,,,1,,,,,
Crataegus monogyna Jacq.,1,1,1,1,1,,1,1,,,,,
Craterostigma plantagineum Hochst.,1,1,1,,,,,1,,,,,
Crepis sancta (L.) Bornm.,1,1,1,1,,,,1,1,1,1,1,1
Crescentia alata Kunth,1,1,1,1,1,,,1,1,1,1,1,1
Crinum moorei Hook.f.,1,1,1,,1,1,,1,,,,,
Crocosmia pottsii (Baker) N.E.Br.,1,1,1,,,,,1,,,,,
Crossostephium artemisioides Less.,1,1,,,,,,1,,,,,
Crotalaria goreensis Guill. & Perr.,1,1,1,1,1,,,1,1,1,1,1,1
Crotalaria incana L.,1,1,1,1,1,,,1,1,1,1,1,1
Crotalaria juncea L.,1,1,1,1,1,1,,1,1,1,1,1,1
Crotalaria medicaginea Lam.,1,1,1,1,,,,,1,1,1,1,1
Crotalaria micans Link,1,1,1,,1,,,1,1,1,1,1,1
Crotalaria pallida Aiton,1,1,1,1,1,,,1,1,1,1,1,1
Croton bonplandianus Baill.,1,1,1,1,1,,,1,1,1,1,1,1
Croton hirtus L'Hér.,1,1,1,1,,,,1,1,1,1,1,1
Cryosophila nana (Kunth) Blume,1,1,1,,,,,,,,,,
Cryptanthus zonatus (Vis.) Beer,1,1,1,,1,1,,,,,,,
Cryptostegia grandiflora Roxb. ex R.Br.,1,1,1,1,1,1,1,1,1,1,1,1,1
Cryptostegia madagascariensis Bojer ex Decne.,1,1,1,1,1,,1,1,,,,,
Cuphea bustamanta Lex.,1,1,1,,,,,,,,,,
Cuphea hyssopifolia Kunth,1,1,1,1,1,1,1,1,1,1,1,1,1
Cuphea ignea A.DC.,1,1,1,1,1,1,,1,,,,,
Cuphea lanceolata W.T.Aiton,1,1,1,,1,,,,,,,,
Cuphea llavea Lex.,1,1,1,,1,1,,,,,,,
Cuphea melvilla Lindl.,1,1,1,,1,1,,,,,,,
Cuphea micropetala Kunth,1,1,1,,1,,,1,,,,,
Cupressus arizonica Greene,1,1,1,1,1,,1,1,,,,,
Cupressus goveniana Gordon,1,1,1,,,,,1,,,,,
Curcuma zanthorrhiza Roxb.,1,1,1,1,1,,,,1,1,1,1,1
Cuscuta campestris Yunck.,1,1,1,,,,1,1,1,1,1,1,1
Cuscuta chinensis Lam.,1,1,1,1,,,,1,1,1,1,1,1
Cuscuta pentagona Engelm.,1,1,1,1,,,,1,1,1,1,1,1
Cuscuta planiflora Ten.,1,1,1,1,,,,1,1,1,1,1,1
Cyanus segetum Hill,1,1,1,,1,,,1,,,,,
Cycas revoluta Thunb.,1,1,1,,1,1,,1,1,1,1,1,1
Cyclanthus bipartitus Poit. ex A.Rich.,1,1,,,1,,,,,,,,
Cyclospermum leptophyllum (Pers.) Sprague,1,1,1,,,,,1,1,1,1,1,1
Cylindropuntia ramosissima (Engelm.) F.M.Knuth,1,1,1,,,1,,,,,,,
"Cymbalaria muralis P.Gaertn., B.Mey. & Scherb.",1,1,1,,1,,,1,1,1,1,1,1
Cymbopogon citratus (DC.) Stapf,1,1,,1,1,1,1,1,1,1,1,1,1
Cymbopogon winterianus Jowitt ex Bor,1,1,,1,1,,,,1,1,1,1,1
Cynara cardunculus L.,1,1,1,1,1,,1,1,1,1,1,,1
Cynodon dactylon (L.) Pers.,1,1,,1,1,1,1,1,1,1,1,1,1
Cynodon plectostachyus (K.Schum.) Pilg.,1,1,1,1,1,,1,1,,,,,
Cynometra cauliflora L.,1,1,,,1,,,1,,,,,
Cyperus alopecuroides Rottb.,1,1,1,,1,,,1,,,,,
Cyperus alternifolius L.,1,1,1,1,,1,,1,1,1,1,1,1
Cyperus arenarius Retz.,1,1,1,,1,,,,1,1,1,1,1
Cyperus cruentus Rottb.,1,1,,1,,,,,,,,,
Cyperus difformis L.,1,1,1,1,,,1,1,1,1,1,1,1
Cyperus dubius Rottb.,1,1,,,,,,1,1,1,1,1,1
Cyperus esculentus L.,1,1,1,1,1,,1,1,1,1,1,1,1
Cyperus fuscus L.,1,1,,1,,,,1,1,1,1,1,1
Cyperus glomeratus L.,1,1,,,,,,1,,,,,
Cyperus hamulosus M.Bieb.,1,1,,,,,,1,1,1,1,1,1
Cyperus involucratus Rottb.,1,1,1,,1,1,,1,,,,,
Cyperus iria L.,1,1,1,1,1,,1,1,1,1,1,1,1
Cyperus longus L.,1,1,1,1,1,,,1,,,,,
Cyperus michelianus (L.) Delile,1,1,,,,,,1,1,1,1,1,1
Cyperus papyrus L.,1,1,1,1,1,1,1,1,,,,,
Cyperus prolifer Lam.,1,1,1,,1,1,,1,,,,,
Cyperus rotundus L.,1,1,1,1,1,,1,1,1,1,1,1,1
Cyperus sphacelatus Rottb.,1,1,1,1,,,,1,,,,,
Cyperus surinamensis Rottb.,1,1,1,,,,,1,,,,,
Cyrtostachys renda Blume,1,1,1,,1,1,,1,,,,,
Cytisus hirsutus L.,1,1,1,,,,,1,,,,,
Cytisus multiflorus (L'Her.) Sweet,1,1,1,,1,,,1,,,,,
Cytisus proliferus L.f.,1,1,1,,1,,,1,,,,,
Cytisus scoparius (L.) Link,1,1,1,1,1,,1,1,1,1,1,1,1
Daboecia cantabrica (Huds.) K.Koch,1,1,1,,1,,,1,,,,,
Dactyliandra welwitschii Hook.f.,1,1,1,1,,,,1,,,,,
Dactylis glomerata L.,1,1,1,1,1,,1,1,1,1,1,1,1
Dactyloctenium aegyptium (L.) Willd.,1,1,1,1,1,1,1,1,1,1,1,1,1
Dactyloctenium australe Steud.,1,1,1,,1,,,1,,,,,
Dactyloctenium scindicum Boiss.,1,1,1,1,,,,1,1,1,1,1,1
Dahlia coccinea Cav.,1,1,1,1,1,,,1,1,1,1,1,1
Dahlia imperialis Roezl ex Ortgies,1,1,1,1,1,1,,1,1,1,1,1,1
Dahlia pinnata Cav.,1,1,,1,1,,,1,1,1,1,1,1
Dalbergia melanoxylon Guill. & Perr.,1,1,1,1,1,,,1,1,1,1,1,1
Dalechampia tamifolia Lam.,1,1,,,,,,,,,,,
Daphnopsis anomala (Kunth) Domke,1,1,,,,,,,,,,,
Datura ferox L.,1,1,1,1,1,,1,1,1,1,1,1,1
Datura inoxia Mill.,1,1,1,1,1,,1,1,1,1,1,1,1
Datura metel L.,1,1,,1,1,1,1,1,1,1,1,1,1
Datura quercifolia Kunth,1,1,1,,1,,,,,,,,
Datura stramonium L.,1,1,1,1,1,1,1,1,1,1,1,1,1
Daucus carota L.,1,1,1,1,1,1,1,1,1,1,1,1,1
Deeringia amaranthoides (Lam.) Merr.,1,1,1,1,1,,,,1,1,1,1,1
Delairea odorata Lem.,1,1,1,1,1,,1,1,,,,,
Delonix regia (Hook.) Raf.,1,1,1,1,1,1,1,1,1,1,1,1,1
Delphinium elatum L.,1,1,1,1,1,,,1,,,,,
Dendrocalamus giganteus Munro,1,1,1,1,1,,,1,1,1,1,1,1
Dendrocalamus strictus (Roxb.) Nees,1,1,1,1,1,1,1,1,1,1,1,1,1
Dentella repens (L.) J.R.Forst. & G.Forst.,1,1,1,1,,,,1,1,1,1,1,1
Desmanthus virgatus (L.) Willd.,1,1,1,1,1,,,1,1,1,1,1,1
Desmodium microphyllum (Thunb.) DC.,1,1,1,1,1,,,,1,1,1,1,1
Desmodium neomexicanum A.Gray,1,1,1,,,,,,,,,,
Desmodium scorpiurus (Sw.) Desv.,1,1,1,,,,,1,,,,,
Desmodium tortuosum (Sw.) DC.,1,1,1,,1,,,1,1,1,1,1,1
Desmodium triflorum (L.) DC.,1,1,1,1,1,1,,1,1,1,1,1,1
Desmodium uncinatum (Jacq.) DC.,1,1,1,,1,,,1,,,,,
Dianella tasmanica Hook.f.,1,1,1,,,1,,,,,,,
Dianthus barbatus L.,1,1,1,1,1,1,,1,1,1,1,1,1
Dianthus caryophyllus L.,1,1,,1,1,1,,1,1,1,1,1,1
Dianthus chinensis L.,1,1,1,1,1,1,,1,,,,,
Dicliptera heterostegia Nees,1,1,,,,,,,,,,,
Dicliptera paniculata (Forssk.) I.Darbysh.,1,1,,1,,,,,1,1,1,1,1
Dicoma incana (Baker) O.Hoffm.,1,1,,,,,,,,,,,
Dicoma tomentosa Cass.,1,1,,1,,,,1,1,1,1,1,1
Dictyosperma album (Bory) Scheff.,1,1,1,,1,1,,,,,,,
Dieffenbachia seguine (Jacq.) Schott,1,1,1,1,1,1,1,1,1,1,1,1,1
Dierama pulcherrimum (Hook.f.) Baker,1,1,1,,1,,,1,,,,,
Dietes iridioides (L.) Sweet ex Klatt,1,1,1,,1,,,1,,,,,
Digera muricata (L.) Mart.,1,1,1,1,1,,,1,1,1,1,1,1
Digitalis grandiflora Mill.,1,1,1,1,1,,,1,1,1,1,1,1
Digitalis purpurea L.,1,1,1,1,1,1,,1,1,1,1,1,1
Digitaria ciliaris (Retz.) Koeler,1,1,1,1,1,,1,1,1,1,1,1,1
Digitaria eriantha Steud.,1,1,1,1,1,,1,1,,,,,
Digitaria longiflora (Retz.) Pers.,1,1,1,1,,,1,1,1,1,1,1,1
Digitaria sanguinalis (L.) Scop.,1,1,1,1,1,,1,1,1,1,1,1,1
Dignathia hirtella Stapf,1,1,,1,,,,,,,,,
Dillenia suffruticosa (Griff.) Martelli,1,1,1,1,1,1,,1,1,1,1,1,1
Dimeria ornithopoda Trin.,1,1,,1,,,,1,1,1,1,1,1
Dimorphotheca pluvialis (L.) Moench,1,1,1,,1,,,1,,,,,
Dinebra retroflexa (Vahl) Panz.,1,1,1,1,,,,1,1,1,1,1,1
Dioclea virgata (Rich.) Amshoff,1,1,1,,,,,,,,,,
Diodella teres (Walter) Small,1,1,1,,,,,1,,,,,
Diospyros kaki L.f.,1,1,1,1,1,,,1,1,1,1,1,1
Diplotaxis muralis (L.) DC.,1,1,1,,1,,,1,,,,,
Dolichandra unguis-cati (L.) L.G.Lohmann,1,1,1,1,1,,1,1,,,,,
Dolichandrone spathacea (L.f.) Seem.,1,1,1,1,,,,,1,1,1,1,1
Dombeya mollis Hook.,1,1,1,,1,,,,,,,,
Dombeya platanifolia Bojer,1,1,,,,,,,,,,,
Dombeya spectabilis Bojer,1,1,1,1,,,,,1,1,1,1,1
Dombeya tiliacea (Endl.) Planch.,1,1,1,,,,,,,,,,
Dorstenia bahiensis Klotzsch ex Fisch. & C.A.Mey.,1,1,,,,,,,,,,,
Dorstenia contrajerva L.,1,1,1,,1,,,1,,,,,
Dracaena draco (L.) L.,1,1,1,,1,,,1,,,,,
Drymaria cordata (L.) Willd. ex Schult.,1,1,1,1,1,,1,1,1,1,1,1,1
Drymaria villosa Schltdl. & Cham.,1,1,,1,,,,1,,,,,
Duranta erecta L.,1,1,1,1,1,1,1,1,1,1,1,1,1
Dypsis decaryi (Jum.) Beentje & J.Dransf.,1,1,1,1,1,1,1,,1,1,1,1,1
Dypsis lutescens (H.Wendl.) Beentje & J.Dransf.,1,1,1,1,1,1,1,1,1,1,1,1,1
Dypsis madagascariensis (Becc.) Beentje & J.Dransf.,1,1,1,,1,1,,1,,,,,
Dysphania ambrosioides (L.) Mosyakin & Clemants,1,1,1,1,1,1,1,1,1,1,1,1,1
Dysphania botrys (L.) Mosyakin & Clemants,1,1,1,1,1,,,1,1,1,1,1,1
Dysphania carinata (R.Br.) Mosyakin & Clemants,1,1,1,,1,,,,,,,,
Dysphania pumilio (R.Br.) Mosyakin & Clemants,1,1,1,,,,,1,,,,,
Dyssodia tenuiloba (DC.) B.L.Rob.,1,1,1,,,,,,,,,,
Echeveria elegans Rose,1,1,1,,1,1,,,,,,,
Echinochloa colona (L.) Link,1,1,,1,1,,1,1,1,1,1,1,1
Echinochloa crus-galli (L.) P.Beauv.,1,1,1,1,1,,1,1,1,1,1,1,1
Echinochloa crus-pavonis (Kunth) Schult.,1,1,1,,1,,1,1,,,,,
Echinopsis pachanoi (Britton & Rose) Friedrich & G.D.Rowley,1,1,1,,1,,,1,,,,,
Echium vulgare L.,1,1,1,,1,,,1,,,,,
Eclipta prostrata (L.) L.,1,1,1,1,1,1,1,1,1,1,1,1,1
Ehretia microphylla Lam.,1,1,1,,1,1,,1,,,,,
Ehrharta erecta Lam.,1,1,1,,1,,1,1,,,,,
Eichhornia crassipes (Mart.) Solms,1,1,1,1,1,,1,1,1,1,1,1,1
Elaeagnus umbellata Thunb.,1,1,1,1,1,,1,1,1,1,1,1,1
Elatine triandra Schkuhr,1,1,,1,,,,1,,,,,
Eleocharis acicularis (L.) Roem. & Schult.,1,1,1,1,1,,,1,1,1,1,1,1
Eleocharis atropurpurea (Retz.) J.Presl & C.Presl,1,1,,1,,,,1,1,1,1,1,1
Eleocharis parishii Britton,1,1,1,,,,,,,,,,
Eleocharis quinqueflora (Hartmann) O.Schwarz,1,1,1,1,,,,,1,1,1,1,1
Elephantopus scaber L.,1,1,1,1,1,1,,1,,,,,
Eleutheranthera ruderalis (Sw.) Sch.Bip.,1,1,1,,,,,1,,,,,
Eleutherine bulbosa (Mill.) Urb.,1,1,1,,1,1,,1,,,,,
Elodea canadensis Michx.,1,1,1,,1,,1,1,,,,,
Emex australis Steinh.,1,1,1,,1,,1,1,,,,,
Emex spinosa (L.) Campd.,1,1,1,1,1,,1,1,,,,,
Emilia coccinea (Sims) G.Don,1,1,1,1,1,,1,1,,,,,
Emilia fosbergii Nicolson,1,1,,1,,,1,1,,,,,
Emilia sonchifolia (L.) DC. ex DC.,1,1,1,,1,,1,1,1,1,1,1,1
Enneapogon persicus Boiss.,1,1,1,1,,,,,1,1,1,1,1
Ensete ventricosum (Welw.) Cheesman,1,1,1,,1,1,,1,,,,,
Epidendrum radicans Pav. ex Lindl.,1,1,1,1,,1,,1,1,1,1,1,1
Epiphyllum hookeri Haw.,1,1,1,,,,,1,,,,,
Epiphyllum macropterum (Lem.) Britton & Rose,1,1,,,,,,,,,,,
Epiphyllum oxypetalum (DC.) Haw.,1,1,1,1,1,1,,1,1,1,1,1,1
Epipremnum pinnatum (L.) Engl.,1,1,1,1,1,1,1,1,1,1,1,1,1
Episcia cupreata (Hook.) Hanst.,1,1,1,,1,1,,1,,,,,
Episcia reptans Mart.,1,1,1,,1,,,,,,,,
Eragrostis amabilis (L.) Wight & Arn.,1,1,1,1,1,,1,1,1,1,1,1,1
Eragrostis atrovirens (Desf.) Trin. ex Steud.,1,1,1,1,1,,1,1,1,1,1,1,1
Eragrostis cilianensis (All.) Janch.,1,1,1,1,1,,,1,1,1,1,1,1
Eragrostis curvula (Schrad.) Nees,1,1,1,1,1,,,1,1,1,1,1,1
Eragrostis papposa (Desf. ex Roem. & Schult.) Steud.,1,1,1,1,,,,,,,,,
Eragrostis pilosa (L.) P.Beauv.,1,1,1,1,,,1,1,1,1,1,1,1
Eragrostis superba Peyr.,1,1,1,,1,,,1,,,,,
Eragrostis tef (Zucc.) Trotter,1,1,1,1,1,,,1,,,,,
Ercilla spicata (Vertero) Moq.,1,1,,,,,,,,,,,
Erechtites valerianifolia (Link ex Wolf) Less. ex DC.,1,1,,,1,,1,1,,,,,
Eremochloa ophiuroides (Munro) Hack.,1,1,1,1,1,,1,1,,,,,
Erica arborea L.,1,1,1,,1,1,,1,,,,,
Erica caffra L.,1,1,,,,,,1,,,,,
Erigeron annuus (L.) Pers.,1,1,1,1,1,,,1,1,1,1,1,1
Erigeron bonariensis L.,1,1,1,1,1,,1,1,1,1,1,1,1
Erigeron canadensis L.,1,1,1,1,1,1,1,1,1,1,1,1,1
Erigeron floribundus (Kunth) Sch.Bip.,1,1,1,1,,,1,1,,,,,
Erigeron karvinskianus DC.,1,1,1,1,1,,1,,1,1,1,1,1
Erigeron sublyratus Roxb. ex DC.,1,1,1,,,,,1,1,1,1,1,1
Erigeron sumatrensis Retz.,1,1,1,1,,,,1,1,1,1,1,1
Eriocaulon cinereum R.Br.,1,1,,1,,,,1,1,1,1,1,1
Eriochloa fatmensis (Hochst. & Steud.) Clayton,1,1,1,,,,,1,,,,,
Erodium manescavi Coss.,1,1,1,,,,,1,,,,,
Erodium moschatum (L.) L'Hér.,1,1,1,,1,,,1,,,,,
Erophila verna (L.) DC.,1,1,1,,,,,1,,,,,
Eruca vesicaria (L.) Cav.,1,1,1,1,1,,,1,1,1,1,1,1
Eryngium foetidum L.,1,1,1,1,1,1,,1,1,1,1,1,1
Erythrina herbacea L.,1,1,1,,1,,,,,,,,
Escallonia bifida Link & Otto,1,1,,,1,,,1,,,,,
Escallonia rubra (Ruiz & Pav.) Pers.,1,1,1,1,1,,,1,,,,,
Eschscholzia californica Cham.,1,1,1,1,1,,,1,,,,,
Etlingera elatior (Jack) R.M.Sm.,1,1,1,1,1,1,1,1,1,1,1,1,1
Eucalyptus alba Reinw. ex Blume,1,1,1,1,1,,,,1,1,1,1,1
Eucalyptus ambigua A.Cunn. ex DC.,1,1,1,,,,,,,,,,
Eucalyptus amygdalina Labill.,1,1,1,1,,,,,,,,,
Eucalyptus baxteri (Benth.) J.M.Black,1,1,1,,,,,,,,,,
Eucalyptus blakelyi Maiden,1,1,1,,,,,,,,,,
Eucalyptus bosistoana F.Muell.,1,1,1,,1,,,,,,,,
Eucalyptus bridgesiana F.Muell. ex R.T.Baker,1,1,1,,1,,,,,,,,
Eucalyptus camaldulensis Dehnh.,1,1,1,1,1,1,1,1,1,1,1,1,1
Eucalyptus cephalocarpa Blakely,1,1,1,,,,,,,,,,
Eucalyptus cladocalyx F.Muell.,1,1,1,,1,,1,1,,,,,
Eucalyptus crebra F.Muell.,1,1,1,1,1,,,,,,,,
Eucalyptus cypellocarpa L.A.S.Johnson,1,1,1,,1,,,,,,,,
Eucalyptus diversicolor F.Muell.,1,1,1,1,1,,,,,,,,
Eucalyptus elata Dehnh.,1,1,1,,1,,,,,,,,
Eucalyptus eugenioides Sieber ex Spreng.,1,1,1,,,,,1,,,,,
Eucalyptus globulus Labill.,1,1,1,1,1,1,1,1,1,1,1,1,1
Eucalyptus leucoxylon F.Muell.,1,1,1,,1,,,1,,,,,
Eucalyptus macarthurii H.Deane & Maiden,1,1,1,,1,,,1,,,,,
Eucalyptus megacornuta C.A.Gardner,1,1,1,,,,,1,,,,,
Eucalyptus melliodora A.Cunn. ex Schauer,1,1,1,,1,,,1,,,,,
Eucalyptus moluccana Wall. ex Roxb.,1,1,1,,1,,,,,,,,
Eucalyptus ovata Labill.,1,1,1,,1,,,1,,,,,
Eucalyptus pauciflora Sieber ex Spreng.,1,1,1,,1,,,1,,,,,
Eucalyptus pilularis Sm.,1,1,1,,1,1,,1,,,,,
Eucalyptus piperita Sm.,1,1,1,,1,,,,,,,,
Eucalyptus polyanthemos Schauer,1,1,1,,1,,,1,,,,,
Eucalyptus racemosa Cav.,1,1,1,,1,,,,,,,,
Eucalyptus rummeryi Maiden,1,1,1,,,,,,,,,,
Eucalyptus saligna Sm.,1,1,1,1,1,,,1,1,,1,1,1
Eucalyptus siderophloia Benth.,1,1,1,,,,,,,,,,
Eucalyptus staigeriana F.Muell. ex F.M.Bailey,1,1,1,1,,,,,,,,,
Eucalyptus whitei Maiden & Blakely,1,1,,,,,,,,,,,
Eucomis autumnalis (Mill.) Chitt.,1,1,1,,1,,,,,,,,
Eucomis comosa (Houtt.) Wehrh.,1,1,1,,,,,1,,,,,
Eugenia uniflora L.,1,1,1,,1,,1,1,1,1,1,1,1
Euonymus japonicus Thunb.,1,1,1,1,1,1,1,1,,,,,
Eupatorium cannabinum L.,1,1,,1,1,,,1,1,1,1,1,1
Eupatorium capillifolium (Lam.) Small ex Porter & Britton,1,1,1,,,,,1,,,,,
Euphorbia chamaesyce L.,1,1,,,,,,1,,,,,
Euphorbia cotinifolia L.,1,1,1,,1,1,,1,1,1,1,1,1
Euphorbia cyathophora Murray,1,1,1,1,1,,,1,1,1,1,1,1
Euphorbia graminea Jacq.,1,1,1,,,,,,,,,,
Euphorbia grandicornis Goebel ex N.E.Br.,1,1,1,,,,,,,,,,
Euphorbia helioscopia L.,1,1,1,1,1,,,1,1,1,1,1,1
Euphorbia heterophylla L.,1,1,1,1,1,,1,1,1,1,1,1,1
Euphorbia hirta L.,1,1,1,1,1,,1,1,1,1,1,1,1
Euphorbia hispida Boiss.,1,1,,1,,,,1,1,1,1,1,1
Euphorbia hypericifolia L.,1,1,1,1,1,,1,1,1,1,1,1,1
Euphorbia hyssopifolia L.,1,1,1,,1,,,1,,,,,
Euphorbia indica Lam.,1,1,,1,,,,1,1,1,1,1,1
Euphorbia lacei Craib,1,1,1,,1,,,1,,,,,
Euphorbia marginata Pursh,1,1,1,,1,,,1,,,,,
Euphorbia mauritanica L.,1,1,1,,1,,,1,,,,,
Euphorbia peplus L.,1,1,1,,1,,,1,1,1,1,1,1
Euphorbia prostrata Aiton,1,1,1,1,1,,,1,1,1,1,1,1
Euphorbia pulcherrima Willd. ex Klotzsch,1,1,1,1,1,,,1,1,1,1,1,1
Euphorbia serpens Kunth,1,1,1,1,,,,1,1,1,1,1,1
Euphorbia thymifolia L.,1,1,1,1,1,,,1,1,1,1,1,1
Euphorbia tirucalli L.,1,1,1,1,1,1,1,1,1,1,1,1,1
Euphorbia tithymaloides L.,1,1,1,1,1,1,1,1,1,1,1,1,1
Euphorbia umbellata (Pax) Bruyns,1,1,1,1,1,,1,1,1,1,1,1,1
Euryops pectinatus (L.) Cass.,1,1,1,,,1,,,,,,,
Euterpe edulis Mart.,1,1,1,,1,,,,,,,,
Evolvulus glomeratus Nees & C.Mart.,1,1,1,,,1,,1,,,,,
Evolvulus nummularius (L.) L.,1,1,,1,,,,1,1,1,1,1,1
Fagonia bruguieri DC.,1,1,,1,,,,,,,,,
Fagopyrum esculentum Moench,1,1,1,1,1,,,1,1,1,1,1,1
Fagus sylvatica L.,1,1,1,,1,,,1,,,,,
Falcataria moluccana (Miq.) Barneby & J.W.Grimes,1,1,1,1,1,,1,1,,,,,
Farfugium japonicum (L.) Kitam.,1,1,1,,1,,,1,,,,,
Farsetia heliophila Bunge ex Coss.,1,1,,,,,,1,,,,,
Felicia amelloides (L.) Voss,1,1,1,,1,,,,,,,,
Felicia heterophylla (Cass.) Grau,1,1,1,,,,,,,,,,
Fernandoa adenophylla (Wall. ex G.Don) Steenis,1,1,1,1,,1,,,1,1,1,1,1
Ficus auriculata Lour.,1,1,1,1,1,,,,1,1,1,1,1
Ficus carica L.,1,1,1,1,1,,1,1,1,1,1,1,1
Ficus palmata Forssk.,1,1,1,1,,,,,1,1,1,1,1
Ficus pumila L.,1,1,1,1,1,1,1,1,1,1,1,1,1
Ficus racemosa L.,1,1,1,1,1,1,,,1,1,1,1,1
Fimbristylis cymosa R.Br.,1,1,1,1,1,,1,,1,1,1,1,1
Fimbristylis littoralis Gaudich.,1,1,1,1,1,,1,1,1,1,1,1,1
Flaveria australasica Hook.,1,1,,1,,,,1,,,,,
Flaveria bidentis (L.) Kuntze,1,1,1,,1,,,1,,,,,
Flaveria trinervia (Spreng.) C.Mohr,1,1,1,1,,,,1,,,,,
Fragaria vesca L.,1,1,1,1,1,,1,1,1,1,1,1,1
Freesia refracta (Jacq.) Klatt,1,1,1,,,,,1,,,,,
Fuchsia boliviana Carrière,1,1,1,1,1,1,,1,1,1,1,1,1
Fuchsia fulgens Moc. & Sessé ex DC.,1,1,1,1,1,,,,,,,,
Fuchsia magellanica Lam.,1,1,1,,1,,,1,,,,,
Fuchsia paniculata Lindl.,1,1,1,,1,,,,,,,,
Fuchsia regia (Vand. ex Vell.) Munz,1,1,1,,1,1,,1,,,,,
Fumaria indica (Hausskn.) Pugsley,1,1,1,1,,1,,1,1,1,1,1,1
Fumaria officinalis L.,1,1,1,,1,,,1,,,,,
Funtumia africana (Benth.) Stapf,1,1,1,,1,,,1,,,,,
Furcraea foetida (L.) Haw.,1,1,1,1,1,,1,1,1,1,1,1,1
Gaillardia aristata Pursh,1,1,1,,1,,,1,,,,,
Galinsoga parviflora Cav.,1,1,1,1,1,1,1,1,1,1,1,1,1
Galinsoga quadriradiata Ruiz & Pav.,1,1,1,1,1,,1,1,1,1,1,1,1
Galium palustre L.,1,1,,,,,,1,,,,,
Garcinia madruno (Kunth) Hammel,1,1,1,1,1,,,,1,1,1,1,1
Gardenia thunbergia Thunb.,1,1,1,,1,,,,,,,,
Gardenia volkensii K.Schum.,1,1,1,,,,,,,,,,
Gazania linearis (Thunb.) Druce,1,1,1,,1,,,1,,,,,
Genista canariensis L.,1,1,1,1,,,,1,,,,,
Genista monspessulana (L.) L.A.S.Johnson,1,1,1,1,1,,1,1,1,1,1,1,1
Gentiana quadrifaria Blume,1,1,,1,,,,,1,1,1,1,1
Gisekia pharnaceoides L.,1,1,1,1,,1,,1,1,1,1,1,1
Gladiolus dalenii Van Geel,1,1,1,,1,1,,1,,,,,
Gladiolus undulatus L.,1,1,1,,1,,,1,,,,,
Glandularia aristigera (S.Moore) Tronc.,1,1,1,,,,,1,,,,,
Glandularia bipinnatifida (Schauer) Nutt.,1,1,1,1,,,,1,1,1,1,1,1
Glandularia laciniata (L.) Schnack & Covas,1,1,1,,,,,,,,,,
Glebionis coronaria (L.) Cass. ex Spach,1,1,1,1,1,,,1,1,1,1,1,1
Glebionis segetum (L.) Fourr.,1,1,1,,1,1,,1,,,,,
Gleditsia macracantha Desf.,1,1,1,1,1,,,,,,,,
Glinus oppositifolius (L.) Aug.DC.,1,1,,1,,,,1,1,1,1,1,1
Gliricidia sepium (Jacq.) Walp.,1,1,1,1,1,,1,1,1,1,1,1,1
Gloriosa superba L.,1,1,1,1,1,1,,1,1,1,1,1,1
Glossocardia bosvallia (L.f.) DC.,1,1,1,1,1,,,,1,1,1,1,1
Gloxinia perennis (L.) Druce,1,1,1,1,1,1,,1,1,1,1,1,1
Gmelina asiatica L.,1,1,1,1,1,1,,1,1,1,1,1,1
Gnaphalium coarctatum Willd.,1,1,1,,,,,1,,,,,
Gnaphalium pensylvanicum Willd.,1,1,1,1,,,,1,,,,,
Gnaphalium polycaulon Pers.,1,1,1,1,,,,1,1,1,1,1,1
Gnaphalium purpureum L.,1,1,1,1,,,,1,,,,,
Gomphocarpus fruticosus (L.) W.T.Aiton,1,1,1,,,,,1,1,1,1,1,1
Gomphocarpus physocarpus E.Mey.,1,1,1,1,1,1,1,1,1,1,1,1,1
Gomphrena celosioides Mart.,1,1,1,1,1,,,1,1,1,1,1,1
Gomphrena globosa L.,1,1,,1,1,1,1,1,1,1,1,1,1
Gomphrena serrata L.,1,1,1,1,,,,,1,1,1,1,1
Goniocaulon indicum (Klein ex Willd.) Benth ex C.B.Clarke,1,1,,1,,,,,1,1,1,1,1
Gossypium stocksii Mast.,1,1,1,1,,,,,1,,,1,1
Grangea maderaspatana (L.) Poir.,1,1,1,1,1,,,1,1,1,1,1,1
Grevillea banksii R.Br.,1,1,1,,1,,,1,,,,,
Grevillea bipinnatifida R.Br.,1,1,1,,,,,,,,,,
Grevillea hilliana F.Muell.,1,1,1,,,,,,,,,,
Grevillea speciosa (Knight) McGill.,1,1,1,,,,,,,,,,
Guizotia abyssinica (L.f.) Cass.,1,1,1,1,1,,,1,1,1,1,1,1
Gustavia gracillima Miers,1,1,1,,,,,,,,,,
Gymnocoronis spilanthoides (D.Don ex Hook. & Arn.) DC.,1,1,1,,1,,1,1,,,,,
Gynatrix pulchella (Willd.) Alef.,1,1,,,,,,,,,,,
Gypsophila muralis L.,1,1,,1,1,,,1,,,,,
Gypsophila paniculata L.,1,1,1,1,1,,1,1,,,,,
Gyrinops walla Gaertn.,1,1,1,1,,,,,1,1,1,1,1
Habranthus tubispathus (L'Hér.) Traub,1,1,1,,,,,1,,,,,
Hackelochloa granularis (L.) Kuntze,1,1,1,1,,,,1,1,1,1,1,1
Hakea laurina R.Br.,1,1,1,,1,,,1,,,,,
Hakea salicifolia (Vent.) B.L.Burtt,1,1,1,,1,,,1,,,,,
Hakea sericea Schrad.,1,1,1,1,1,,1,1,,,,,
Halopyrum mucronatum (L.) Stapf,1,1,,1,,,,,,,,,
Handroanthus serratifolius (Vahl) S.O.Grose,1,1,1,,1,,,1,1,1,1,1,1
Hardenbergia comptoniana (Andrews) Benth.,1,1,1,,,,,1,,,,,
Harrisia bonplandii (Parm.) Britton & Rose,1,1,,,,,,,,,,,
Harrisia pomanensis (F.A.C.Weber ex K.Schum.) Britton & Rose,1,1,1,,1,,,1,,,,,
Hedera helix L.,1,1,1,1,1,1,1,1,1,1,1,1,1
Helianthus annuus L.,1,1,1,1,1,1,,1,1,1,1,1,1
Helianthus debilis Nutt.,1,1,1,,,,,1,,,,,
Helianthus pauciflorus Nutt.,1,1,1,,1,,,1,,,,,
Helichrysum bracteatum (Venten.) Willd.,1,1,1,,1,1,,1,1,,1,1,1
Heliconia angusta Vell.,1,1,,,,1,,,,,,,
Heliconia bihai (L.) L.,1,1,1,1,1,1,1,1,,,,,
Heliconia psittacorum L.f.,1,1,,,1,1,,1,1,1,1,1,1
Heliconia rostrata Ruiz & Pav.,1,1,1,1,1,1,,1,1,1,1,1,1
Heliotropium curassavicum L.,1,1,1,1,1,,1,1,1,1,1,1,1
Heliotropium indicum L.,1,1,1,1,1,1,1,1,1,1,1,1,1
Heliotropium subulatum Hochst. ex DC.,1,1,,,,,,,,,,,
Hemerocallis fulva (L.) L.,1,1,1,1,1,1,,1,1,1,1,1,1
Hemerocallis lilioasphodelus L.,1,1,1,,1,,,1,,,,,
Herissantia crispa (L.) Brizicky,1,1,,1,,,,1,1,1,1,1,1
Herminium lanceum (Thunb. ex Sw.) Vuijk,1,1,,1,,,,,1,1,1,1,1
Hesperis matronalis L.,1,1,1,,1,,,1,,,,,
Hibiscus cannabinus L.,1,1,1,1,1,,,1,1,1,1,1,1
Hibiscus micranthus L.f.,1,1,,1,,,,,1,1,1,1,1
Hibiscus panduriformis Burm.f.,1,1,1,1,,,,,1,1,1,1,1
Hibiscus trionum L.,1,1,1,1,1,,1,1,1,1,1,1,1
Hibiscus vitifolius L.,1,1,,1,,,,1,1,1,1,1,1
Hieracium crocatum Fr.,1,1,,1,,,,1,,,,,
Hippeastrum reginae (L.) Herb.,1,1,1,,1,,,1,,,,,
Hippobroma longiflora (L.) G.Don,1,1,1,1,1,,,1,,,,,
Hippuris vulgaris L.,1,1,1,1,1,,,1,1,1,1,1,1
Homalium ceylanicum (Gardner) Benth.,1,1,,1,1,,,,1,1,1,1,1
Hordeum vulgare L.,1,1,1,1,1,1,,1,1,1,1,1,1
Hovenia dulcis Thunb.,1,1,1,1,1,,,1,1,1,1,1,1
Howea forsteriana (F.Muell.) Becc.,1,1,1,,1,,,1,,,,,
Hoya carnosa (L.f.) R.Br.,1,1,1,1,1,1,,,1,1,1,1,1
Humulus lupulus L.,1,1,1,1,1,1,,1,1,1,1,1,1
Hydrangea macrophylla (Thunb.) Ser.,1,1,1,1,1,1,,1,1,1,1,1,1
Hydrocharis dubia (Blume) Backer,1,1,1,1,,,,1,1,1,1,1,1
Hymenaea verrucosa Gaertn.,1,1,1,1,1,,,,,,,,
Hymenocallis littoralis (Jacq.) Salisb.,1,1,1,1,1,1,,1,1,1,1,1,1
Hymenosporum flavum F.Muell.,1,1,1,1,,1,,1,,,,,
Hyophorbe amaricaulis Mart.,1,1,1,,,,,,,,,,
Hyophorbe verschaffeltii H.Wendl.,1,1,1,,1,1,,,,,,,
Hyoscyamus niger L.,1,1,1,1,1,,1,1,1,1,1,1,1
Hypericum androsaemum L.,1,1,1,,1,,,1,,,,,
Hypericum monogynum L.,1,1,1,1,1,,,1,1,1,1,1,1
Hypericum patulum Thunb.,1,1,1,,1,,,1,1,1,1,1,1
Hyphaene thebaica (L.) Mart.,1,1,1,,1,1,,,1,1,1,1,1
Hypochaeris glabra L.,1,1,1,1,,,,1,1,1,1,1,1
Hypochaeris radicata L.,1,1,1,1,1,,1,1,,,,,
Hypoestes sanguinolenta (Van Houtte) Hook.f.,1,1,,,1,1,,1,,,,,
Hyptis capitata Jacq.,1,1,1,1,,,,1,1,1,1,1,1
Hyptis pectinata (L.) Poit.,1,1,1,,,,,1,,,,,
Hyptis suaveolens (L.) Poit.,1,1,,1,1,,1,1,,,,,
Iberis amara L.,1,1,1,,1,,,1,,,,,
Iberis umbellata L.,1,1,1,,1,,,1,,,,,
Ilex aquifolium L.,1,1,1,,1,1,,1,,,,,
Ilex cornuta Lindl. & Paxton,1,1,1,,1,,,,,,,,
Illicium cambodianum Hance,1,1,,,,,,,,,,,
Impatiens balsamina L.,1,1,1,1,1,,1,1,1,1,1,1,1
Impatiens repens Moon ex Wight,1,1,1,,,1,,,,,,,
Impatiens walleriana Hook.f.,1,1,1,1,1,1,1,1,1,1,1,1,1
Imperata cylindrica (L.) Raeusch.,1,1,1,1,1,1,1,1,1,1,1,1,1
Indigofera arrecta A.Rich.,1,1,1,,1,,,1,,,,,
Indigofera linnaei Ali,1,1,1,1,1,1,,1,1,1,1,1,1
Indigofera spicata Forssk.,1,1,1,1,1,,1,1,1,1,1,1,1
Indigofera trita L.f.,1,1,1,1,1,,1,1,1,1,1,1,1
Iochroma cyaneum (Lindl.) M.L.Green,1,1,1,,,,,,,,,,
Ipomoea aquatica Forssk.,1,1,1,1,1,1,1,1,1,1,1,1,1
Ipomoea asarifolia (Desr.) Roem. & Schult.,1,1,1,1,,,,,1,1,1,1,1
Ipomoea cairica (L.) Sweet,1,1,1,1,1,1,,1,1,1,1,1,1
Ipomoea carnea Jacq.,1,1,,1,1,,,1,1,1,1,1,1
Ipomoea coptica (L.) Roth ex Roem. & Schult.,1,1,1,1,,,,1,1,1,1,1,1
Ipomoea eriocarpa R.Br.,1,1,1,1,1,,,1,1,1,1,1,1
Ipomoea fistulosa Mart. ex Choisy,1,1,1,1,1,,1,1,,,,,
Ipomoea grandifolia (Dammer) O'Donell,1,1,1,,,,,,,,,,
Ipomoea hederifolia L.,1,1,1,1,1,,1,1,1,1,1,1,1
Ipomoea horsfalliae Hook.,1,1,,1,1,1,,1,1,1,1,1,1
Ipomoea indica (Burm.) Merr.,1,1,1,1,1,1,1,1,1,1,1,1,1
Ipomoea mauritiana Jacq.,1,1,1,1,1,1,,1,1,1,1,1,1
Ipomoea muricata (L.) Jacq.,1,1,1,1,1,,,1,1,1,1,1,1
Ipomoea nil (L.) Roth,1,1,1,1,1,,1,1,1,1,1,1,1
Ipomoea obscura (L.) Ker Gawl.,1,1,1,1,1,1,,1,1,1,1,1,1
Ipomoea parasitica (Kunth) G.Don,1,1,1,1,,,,1,1,1,1,1,1
Ipomoea pes-caprae (L.) R.Br.,1,1,1,1,1,1,,1,1,1,1,1,1
Ipomoea pes-tigridis L.,1,1,1,1,1,1,,1,1,1,1,1,1
Ipomoea purga (Wender.) Hayne,1,1,1,,1,,,,,,,,
Ipomoea purpurea (L.) Roth,1,1,,1,1,,1,1,1,1,1,1,1
Ipomoea quamoclit L.,1,1,1,1,1,1,1,1,1,1,1,1,1
Ipomoea rubriflora O'Donell,1,1,1,,,,,1,1,1,1,1,1
Ipomoea tricolor Cav.,1,1,,1,1,,,1,1,1,1,1,1
Ipomoea triloba L.,1,1,1,1,1,,1,1,1,1,1,1,1
Ipomoea wolcottiana Rose,1,1,1,,,,,,,,,,
Iris albicans Lange,1,1,1,,1,,,1,,,,,
Iris domestica (L.) Goldblatt & Mabb.,1,1,1,1,1,1,1,1,1,1,1,1,1
Iris japonica Thunb.,1,1,1,1,1,,,1,1,,1,1,1
Iris pallida Lam.,1,1,1,,1,,,1,,,,,
Iris reticulata M.Bieb.,1,1,,,1,,,,,,,,
Iris spuria L.,1,1,1,1,1,,,1,,,,,
Iris tectorum Maxim.,1,1,1,,1,,,,,,,,
Iris unguicularis Poir.,1,1,1,,,,,1,,,,,
Iseilema laxum Hack.,1,1,1,1,1,,,,1,1,1,1,1
Ixora casei Hance,1,1,,,,,,1,,,,,
Ixora finlaysoniana Wall. ex G.Don,1,1,,1,1,1,1,1,1,1,1,1,1
Ixora javanica (Blume) DC.,1,1,1,,1,1,,,,,,,
Jacobaea maritima (L.) Pelser & Meijden,1,1,1,1,1,,,1,1,1,1,1,1
Jacobinia ghiesbreghtiana (Lem.) Hemsl.,1,1,,,,,,,,,,,
Jacquemontia ovalifolia (Choisy) Hallier f.,1,1,1,,,,,,,,,,
Jacquinia armillaris Jacq.,1,1,1,,,,,,,,,,
Jasminum bignoniaceum Wall. & G.Don,1,1,,1,,1,,,,,,,
Jasminum laurifolium Roxb. ex Hornem.,1,1,,1,,1,,1,,,,,
Jasminum odoratissimum L.,1,1,1,,1,,,1,,,,,
Jasminum polyanthum Franch.,1,1,1,,1,,,1,1,1,1,1,1
Jatropha curcas L.,1,1,1,1,1,1,1,1,1,1,1,1,1
Jatropha glandulifera Roxb.,1,1,,1,,1,,1,1,1,1,1,1
Jatropha gossypiifolia L.,1,1,1,1,1,1,1,1,1,1,1,1,1
Jatropha hernandiifolia Vent.,1,1,,,,,,,,,,,
Juglans regia L.,1,1,1,1,1,1,,1,1,1,1,1,1
Juncus maritimus Lam.,1,1,1,,,,,,,,,,
Justicia gendarussa Burm.f.,1,1,1,1,1,1,,1,1,1,1,1,1
Kaempferia elegans (Wall.) Baker,1,1,1,,1,1,,1,,,,,
Kalanchoe blossfeldiana Poelln.,1,1,1,1,1,1,1,1,1,1,1,1,1
Kalanchoe integra (Medik.) Kuntze,1,1,,1,,,1,1,,,,,
Kalanchoe marmorata Baker,1,1,1,,,,,,,,,,
Kalanchoe velutina Welw. ex Britten,1,1,1,,,,,,,,,,
Kallstroemia pubescens (G.Don) Dandy,1,1,,,,,,1,,,,,
Kerria japonica (L.) DC.,1,1,1,1,1,,,1,,,,,
Khaya grandifoliola C.DC.,1,1,1,,1,,,,,,,,
Kniphofia uvaria (L.) Oken,1,1,1,,1,,,1,,,,,
Koeleria macrantha (Ledeb.) Schult.,1,1,1,1,1,,,1,1,1,1,1,1
Kyllinga polyphylla Willd. ex Kunth,1,1,1,,,,1,1,,,,,
Lafoensia vandelliana Cham. & Schltdl.,1,1,,,,,,,,,,,
Lagascea mollis Cav.,1,1,1,1,,,,1,1,1,1,1,1
Lagenaria siceraria (Molina) Standl.,1,1,1,1,1,1,,1,1,1,1,1,1
Lagerstroemia duperreana Pierre ex Gagnep.,1,1,1,1,,,,,,,,,
Laggera aurita Sch.Bip.,1,1,,1,,,,,,,,,
Lagurus ovatus L.,1,1,1,,1,,,1,,,,,
Lampranthus spectabilis (Haw.) N.E.Br.,1,1,1,,1,,,1,,,,,
Lantana camara L.,1,1,1,1,1,1,1,1,1,1,1,1,1
Lantana canescens Kunth,1,1,1,,,,,,,,,,
Lantana involucrata L.,1,1,1,1,,,,1,1,1,1,1,1
Lantana montevidensis (Spreng.) Briq.,1,1,1,1,1,1,,1,1,1,1,1,1
Lantana nivea Vent.,1,1,1,1,,,,,,,,,
Lantana scabrida Aiton,1,1,,,,,,,,,,,
Lantana splendens Medik.,1,1,,1,,1,,1,,,,,1
Lantana trifolia L.,1,1,1,1,1,,,1,,,,,
Lantana veronicifolia Hayek,1,1,,,,,,,,,,,
Laportea aestuans (L.) Chew,1,1,1,,1,,,1,,,,,
Latania lontaroides (Gaertn.) H.E.Moore,1,1,1,,1,1,,,,,,,
Lathyrus aphaca L.,1,1,1,1,,,,1,1,1,1,1,1
Lathyrus odoratus L.,1,1,1,1,1,,1,1,,,,,
Lathyrus sativus L.,1,1,,1,1,1,,1,1,1,1,1,1
Launaea intybacea (Jacq.) Beauverd,1,1,1,1,,,1,1,,,,,
Laurus nobilis L.,1,1,1,,1,1,,1,,,,,
Lavandula angustifolia Mill.,1,1,1,1,1,,,1,1,1,1,1,1
Lawsonia inermis L.,1,1,1,1,1,1,1,1,1,1,1,1,1
Leea guineense G.Don,1,1,,,,,,,,,,,
Leersia hexandra Sw.,1,1,,1,1,,1,1,1,1,1,1,1
Lemna perpusilla Torr.,1,1,1,1,1,,1,1,1,1,1,1,1
Lemna turionifera Landolt,1,1,1,,,,,1,1,1,1,1,1
Leonotis leonurus (L.) R.Br.,1,1,1,1,1,,,1,,,,,
Leonotis nepetifolia (L.) R.Br.,1,1,,1,1,,1,1,1,1,1,1,1
Lepidium didymum L.,1,1,1,1,,,,1,1,1,1,1,1
Lepidium ruderale L.,1,1,1,1,,,,1,,,,,
Lepidium sativum L.,1,1,1,1,1,1,,1,1,1,1,1,1
Lepidium virginicum L.,1,1,1,1,1,,1,1,1,1,1,1,1
Leptospermum polygalifolium Salisb.,1,1,1,,1,,,,,,,,
Leptospermum trinervium (Sm.) Joy Thomps.,1,1,1,,,,,,,,,,
Leptothrium senegalense (Kunth) Clayton,1,1,,,,,,,,,,,
Lespedeza bicolor Turcz.,1,1,1,,1,1,,1,,,,,
Leucadendron argenteum (L.) R.Br.,1,1,1,,1,,,1,,,,,
Leucaena diversifolia (Schltdl.) Benth.,1,1,1,1,1,,1,1,1,,1,1,1
Leucaena leucocephala (Lam.) de Wit,1,1,1,1,1,1,1,1,1,1,1,1,1
Leucanthemum vulgare (Vaill.) Lam.,1,1,1,1,1,1,1,1,1,1,1,1,1
Leucas martinicensis (Jacq.) R.Br.,1,1,1,1,,,,1,1,1,1,1,1
Leucojum aestivum L.,1,1,1,,1,,,1,,,,,
Leucophyllum frutescens (Berland.) I.M.Johnst.,1,1,1,1,1,1,,,1,1,1,1,1
Licuala spinosa Wurmb,1,1,1,1,1,1,,,1,1,1,1,1
Lilium lancifolium Thunb.,1,1,1,,1,1,,1,,,,,
Limnanthes douglasii R.Br.,1,1,1,,1,,,1,,,,,
Limnocharis flava (L.) Buchenau,1,1,1,1,1,,1,1,1,1,1,1,1
Linaria purpurea (L.) Mill.,1,1,1,,1,,,1,,,,,
Linum usitatissimum L.,1,1,,1,1,,,1,1,1,1,1,1
Lippia alba (Mill.) N.E.Br. ex Britton & P.Wilson,1,1,1,1,1,,,1,1,1,1,1,1
Lobelia chinensis Lour.,1,1,1,1,1,,,1,1,1,1,1,1
Lolium multiflorum Lam.,1,1,1,1,1,,1,1,,,,,
Lolium perenne L.,1,1,1,1,1,,1,1,1,1,1,1,1
Lolium temulentum L.,1,1,1,1,1,,1,1,1,1,1,1,1
Lonchocarpus capassa Rolfe,1,1,1,,,,,,,,,,
Lonchocarpus guillemineanus (Tul.) Malme,1,1,,,,,,,,,,,
Lonchocarpus sericeus (Poir.) DC.,1,1,1,,1,,,1,,,,,
Lonicera caprifolium L.,1,1,1,,1,1,,1,,,,,
Lonicera confusa DC.,1,1,1,1,1,,1,1,,,,,
Lonicera etrusca Santi,1,1,1,,,,,1,,,,,
Lonicera japonica Thunb.,1,1,1,1,1,,1,1,,,,,
Lonicera periclymenum L.,1,1,1,,1,1,,1,,,,,
Lophospermum erubescens D.Don,1,1,1,,1,,,1,,,,,
Lophospermum scandens D.Don,1,1,1,,1,,,,,,,,
Lotus jacobaeus L.,1,1,1,,,,,,,,,,
Ludwigia erecta (L.) H.Hara,1,1,1,,,,,1,,,,,
Ludwigia hyssopifolia (G.Don) Exell,1,1,1,1,,,1,1,1,1,1,1,1
Ludwigia peruviana (L.) H.Hara,1,1,1,1,1,,,1,1,1,1,1,1
Ludwigia sedioides (Humb. & Bonpl.) H.Hara,1,1,,,,1,,,,,,,
Lupinus perennis L.,1,1,1,,1,,,1,,,,,
Lupinus pilosus L.,1,1,1,,1,,,1,,,,,
Lupinus polyphyllus Lindl.,1,1,1,1,1,,1,1,,,,,
Lycianthes laevis (Dunal) Bitter,1,1,1,1,,,,,1,1,1,1,1
Lycium barbarum L.,1,1,1,1,1,,,1,1,1,1,1,1
Lycium europaeum L.,1,1,1,1,,,,1,1,1,1,1,1
Lycopus europaeus L.,1,1,1,1,1,,,1,1,1,1,1,1
Lygeum spartum Loefl. ex L.,1,1,1,,1,,,,1,1,1,1,1
Lysiloma latisiliquum (L.) Benth.,1,1,1,,1,,,1,1,1,1,1,1
Lythrum salicaria L.,1,1,1,1,1,,1,1,1,1,1,1,1
Macroptilium atropurpureum (DC.) Urb.,1,1,1,1,1,,1,1,1,1,1,1,1
Macroptilium lathyroides (L.) Urb.,1,1,1,1,1,,,1,1,1,1,1,1
Maesopsis eminii Engl.,1,1,1,1,1,,,1,1,1,1,1,1
Magnolia figo (Lour.) DC.,1,1,1,1,1,,,,,,,,
Magnolia liliiflora Desr.,1,1,,1,1,,,,,,,,
Malachra capitata (L.) L.,1,1,1,1,1,,,1,1,1,1,1,1
"Malva multiflora (Cav.) Soldano, Banfi & Galasso",1,1,1,,,,,1,,,,,
Malva neglecta Wallr.,1,1,1,1,1,,,1,1,1,1,1,1
Malva parviflora L.,1,1,1,1,1,,,1,1,1,1,1,1
Malva sylvestris L.,1,1,1,1,1,1,,1,1,1,1,1,1
Malvastrum coromandelianum (L.) Garcke,1,1,1,1,,,,1,1,1,1,1,1
Malvaviscus penduliflorus Moc. & Sessé ex DC.,1,1,,1,1,,,1,1,1,1,1,1
Mandevilla boliviensis (Hook.f.) Woodson,1,1,1,,1,1,,,,,,,
Mandevilla laxa (Ruiz & Pav.) Woodson,1,1,1,,1,,,1,,,,,
Manettia cordifolia Mart.,1,1,,,,,,,,,,,
Manihot anomala Pohl,1,1,,,,,,,,,,,
Mansoa hymenaea (DC.) A.H.Gentry,1,1,1,1,,,,1,1,1,1,1,1
Markhamia stipulata (Wall.) Seem.,1,1,,,,,,,1,1,1,1,1
Marsilea quadrifolia L.,1,1,1,1,1,1,,1,1,1,1,1,1
Martynia annua L.,1,1,1,1,1,1,1,1,1,1,1,1,1
Maurandya barclayana Lindl.,1,1,1,,1,,,1,,,,,
Maurandya scandens (Cav.) Pers.,1,1,1,,1,,,1,,,,,
Mecardonia procumbens (Mill.) Small,1,1,1,1,,,,1,1,1,1,1,1
Medicago lupulina L.,1,1,1,1,1,,1,1,1,1,1,1,1
Medicago polymorpha L.,1,1,1,1,1,,1,1,1,1,1,1,1
Medicago sativa L.,1,1,1,1,1,1,,1,1,1,1,1,1
Melaleuca alternifolia (Maiden & Betche) Cheel,1,1,1,,1,,,,,,,,
Melaleuca armillaris (Sol. ex Gaertn.) Sm.,1,1,1,,1,,,1,,,,,
Melaleuca hypericifolia Sm.,1,1,1,,1,,,1,,,,,
Melaleuca nesophila F.Muell.,1,1,1,,,,,1,,,,,
Melaleuca quinquenervia (Cav.) S.T.Blake,1,1,1,1,1,1,1,1,,,,,
Melampodium divaricatum (Rich. ex Rich.) DC.,1,1,1,1,,,,1,1,1,,1,1
Melanthera micrantha (Nutt.) W.L.Wagner & H.Rob.,1,1,1,,,,,,,,,,
Melia azedarach L.,1,1,1,1,1,1,1,1,1,1,1,1,1
Melianthus major L.,1,1,1,1,1,,,1,,,,,
Melica minuta L.,1,1,1,,,,,,,,,,
Melicope denhamii (Seem.) T.G.Hartley,1,1,1,,,1,,,,,,,
Melilotus albus Medik.,1,1,1,1,1,,1,1,1,1,1,1,1
Melilotus indicus (L.) All.,1,1,1,1,1,,,1,1,1,1,1,1
Melinis minutiflora P.Beauv.,1,1,1,1,1,,1,1,,,,,
Melinis repens (Willd.) Zizka,1,1,1,1,1,,1,1,1,1,1,1,1
Melochia corchorifolia L.,1,1,1,1,1,,,1,1,1,1,1,1
Melochia nodiflora Sw.,1,1,,1,,,,,1,1,1,1,1
Melochia pyramidata L.,1,1,1,,,,,1,1,1,1,1,1
Mentha aquatica L.,1,1,1,,1,,,1,,,,,
Mentha arvensis L.,1,1,1,1,1,1,,1,1,1,1,1,1
Mentha spicata L.,1,1,1,,1,,,1,1,1,1,1,1
Meriandra dianthera (Roth ex Roem. & Schult.) Briq.,1,1,,,,,,,,,,,
Merremia aegyptia (L.) Urb.,1,1,,1,1,,1,1,,,,,
Merremia dissecta (Jacq.) Hallier f.,1,1,1,1,1,,,1,,,,,
Merremia gangetica Cufod.,1,1,1,,1,,,,,,,,
Merremia peltata (L.) Merr.,1,1,1,1,1,,1,1,,,,,
Merremia quinata (R.Br.) Ooststr.,1,1,,,,,,1,,,,,
Merremia quinquefolia (L.) Hallier f.,1,1,1,1,,,,1,,,,,
Merremia tuberosa (L.) Rendle,1,1,,1,1,,1,1,,,,,
Mesembryanthemum cordifolium L.f.,1,1,1,,1,,,1,,,,,
Mesembryanthemum crystallinum L.,1,1,1,1,1,,1,1,,,,,
Micrococca mercurialis (L.) Benth.,1,1,,1,,,,1,1,1,1,1,1
Micromelum falcatum (Lour.) Tanaka,1,1,,,,,,,,,,,
Mikania cordata (Burm.f.) B.L.Rob.,1,1,1,,1,,,1,,,,,
Mikania micrantha Kunth,1,1,1,1,1,,1,1,1,1,1,1,1
Milicia excelsa (Welw.) C.C.Berg,1,1,1,,1,,,,,,,,
Mimosa diplotricha Sauvalle,1,1,1,1,1,,1,1,1,1,1,1,1
Mimosa distachya Cav.,1,1,1,,,,,,,,,,
Mimosa invisa Colla,1,1,1,1,1,,1,1,1,,1,1,1
Mimosa pigra L.,1,1,1,1,,,1,1,,,,,
Mimosa pudica L.,1,1,,1,1,1,1,1,1,1,1,1,1
Mirabilis jalapa L.,1,1,,1,1,1,1,1,1,1,1,1,1
Mirabilis longiflora L.,1,1,1,1,,,,1,1,1,1,1,1
Mirabilis viscosa Cav.,1,1,1,,,,,1,,,,,
Mitracarpus hirtus (L.) DC.,1,1,1,1,,,,1,1,1,1,1,1
Mitracarpus scaberulus Urb.,1,1,,,,,,,,,,,
Modiola caroliniana (L.) G.Don,1,1,,,1,,,1,,,,,
Molineria capitulata (Lour.) Herb.,1,1,1,1,1,1,,1,,,,,
Monarda fistulosa L.,1,1,1,,1,1,,1,,,,,
Monechma debile (Forssk.) Nees,1,1,,,,,,,,,,,
Monochoria vaginalis (Burm.f.) C.Presl,1,1,1,1,1,1,1,1,1,1,1,1,1
Montanoa bipinnatifida (Kunth) K.Koch,1,1,1,,1,,,1,,,,,
Moringa oleifera Lam.,1,1,1,1,1,1,1,1,1,1,1,1,1
Morus alba L.,1,1,1,1,1,1,,1,1,1,1,1,1
Muntingia calabura L.,1,1,1,1,1,1,1,1,1,1,1,1,1
Muraltia juniperifolia DC.,1,1,,,,,,,,,,,
Musa basjoo Siebold & Zucc. ex Iinuma,1,1,1,,1,,,1,,,,,
Myosotis laxa Lehm.,1,1,1,1,,,,1,1,1,1,1,1
Myosotis scorpioides L.,1,1,1,,1,,,1,,,,,
Myriophyllum aquaticum (Vell.) Verdc.,1,1,1,1,1,1,1,1,1,1,1,1,1
Narcissus pseudonarcissus L.,1,1,1,,1,,,1,,,,,
Narcissus tazetta L.,1,1,1,1,1,1,,1,1,1,1,1,1
Nasturtium officinale R.Br.,1,1,1,1,1,,1,1,1,1,1,1,1
Neomarica gracilis (Herb.) Sprague,1,1,1,,,1,,,,,,,
Neptunia plena (L.) Benth.,1,1,1,,1,,,1,1,1,1,1,1
Nerine undulata (L.) Herb.,1,1,1,,,,,1,,,,,
Nerium oleander L.,1,1,1,1,1,1,,1,1,1,1,1,1
Nicandra physalodes (L.) Gaertn.,1,1,1,1,1,,1,1,1,1,1,1,1
Nicotiana glauca Graham,1,1,1,1,1,,1,1,1,1,1,1,1
Nicotiana plumbaginifolia Viv.,1,1,1,1,1,,1,1,1,1,1,1,1
Nicotiana tabacum L.,1,1,,1,1,,1,1,1,1,1,1,1
Nierembergia linariifolia Graham,1,1,,,,,,,,,,,
Noltea africana (L.) Rchb.f.,1,1,1,,1,,,1,,,,,
Nopalea cochenillifera (L.) Salm-Dyck,1,1,,1,1,1,1,1,,,,,
Nothosaerva brachiata (L.) Wight,1,1,,1,,,,1,1,1,1,1,1
Nuphar japonica DC.,1,1,1,,,1,,1,,,,,
Nymphaea alba L.,1,1,1,1,1,,,1,1,1,1,1,1
Nymphaea lotus L.,1,1,1,1,1,1,1,1,1,1,1,1,1
Nymphaea mexicana Zucc.,1,1,1,,,,,1,,,,,
Nymphaea nouchali Burm.f.,1,1,1,1,1,,,1,1,1,1,1,1
Nymphaea odorata Aiton,1,1,1,,1,,,1,,,,,
Nymphoides indica (L.) Kuntze,1,1,1,1,1,1,,1,1,1,1,1,1
Ochna kirkii Oliv.,1,1,1,1,,,,1,1,1,1,1,1
Ochna serrulata Walp.,1,1,1,,,,,1,,,,,
Ocimum americanum L.,1,1,1,1,1,,,1,1,1,1,1,1
Ocimum basilicum L.,1,1,,1,1,1,,1,1,1,1,1,1
Ocimum gratissimum L.,1,1,1,1,1,1,1,1,1,1,1,1,1
Oenothera biennis L.,1,1,1,,1,1,,1,,,,,
Oenothera drummondii Hook.,1,1,1,,1,,,1,,,,,
Oenothera glazioviana Micheli,1,1,,1,1,,,1,,,,,
Oenothera laciniata Hill,1,1,1,,,,,1,,,,,
Oenothera odorata Jacq.,1,1,1,,,,,1,,,,,
Oenothera rosea L'Hér. ex Aiton,1,1,1,1,1,,,1,1,1,1,1,1
Oenothera stricta Ledeb. ex Link,1,1,1,1,,,,1,,,,,
Oenothera tetraptera Cav.,1,1,,,,,,1,,,,,
Oldenlandia corymbosa L.,1,1,1,1,1,1,,1,1,1,1,1,1
Oldenlandia ovatifolia (Cav.) DC.,1,1,,1,,,,,,,,,
Oldenlandia tenelliflora (Blume) Kuntze,1,1,1,1,1,,,1,,,,,
Olea europaea L.,1,1,1,1,1,1,1,1,1,1,1,1,1
Onopordum acanthium L.,1,1,1,1,1,,1,1,1,1,1,1,1
Ophiopogon jaburan (Siebold) Lodd.,1,1,1,,1,1,,,,,,,
Opilia amentacea Roxb.,1,1,,1,,,,,1,1,1,1,1
Opuntia cochenillifera DC.,1,1,,1,1,1,1,1,,,,,
Opuntia dillenii (Ker Gawl.) Haw.,1,1,1,1,,1,1,1,1,1,1,1,1
Opuntia elatior Mill.,1,1,1,1,1,1,1,1,1,1,1,1,1
Opuntia ficus-indica (L.) Mill.,1,1,,1,1,,1,1,1,1,1,1,1
Opuntia monacantha (Willd.) Haw.,1,1,1,1,1,1,1,1,1,1,1,1,1
Opuntia stricta (Haw.) Haw.,1,1,1,1,1,,1,1,1,1,1,1,1
Origanum majorana L.,1,1,1,1,1,1,,1,1,1,1,1,1
Origanum vulgare L.,1,1,1,1,,1,,1,1,1,1,1,1
Ornithogalum arabicum L.,1,1,1,,1,,,1,,,,,
Ornithogalum conicum Jacq.,1,1,1,,1,,,,,,,,
Orobanche crenata Forssk.,1,1,1,1,1,,1,1,,,,,
Oryza barthii A.Chev.,1,1,1,1,1,,1,,,,,,
Oryza latifolia Desv.,1,1,1,1,,,,,1,1,1,1,1
Oryza punctata Kotschy ex Steud.,1,1,1,1,1,,1,,1,1,1,1,1
Osmoxylon lineare (Merr.) Philipson,1,1,1,,1,1,,,,,,,
Osteospermum ecklonis (DC.) Norl.,1,1,1,,1,,,1,,,,,
Ottelia alismoides (L.) Pers.,1,1,1,1,1,,,1,1,1,1,1,1
Oxalis corniculata L.,1,1,,1,1,1,1,1,1,1,1,1,1
Oxalis debilis Kunth,1,1,1,1,,,,1,1,1,1,1,1
Oxalis dehradunensis Raizada,1,1,,,,,,1,,,,,
Oxalis deppei Lodd. ex Sweet,1,1,,,1,,,1,,,,,
Oxalis latifolia Kunth,1,1,1,1,1,,1,1,1,1,1,1,1
Oxalis pes-caprae L.,1,1,1,1,1,,,1,,,,,
Oxalis purpurea L.,1,1,1,,1,,,1,,,,,
Oxalis rosea Jacq.,1,1,1,,,,,1,,,,,
Oxalis spiralis Ruiz & Pav. ex G.Don,1,1,,,,,,1,,,,,
Oxalis tetraphylla Cav.,1,1,,,,,,1,1,1,1,1,1
Oxalis triangularis A.St.-Hil.,1,1,1,,1,1,,,,,,,
Oxalis variabilis Jacq.,1,1,,,,,,1,,,,,
Oxalis violacea L.,1,1,1,,,,,1,,,,,
Oxygonum sinuatum (Hochst. & Steud ex Meisn.) Dammer,1,1,,,,,,1,,,,,
Pachira aquatica Aubl.,1,1,1,1,1,,1,1,,,,,
Pachyrhizus erosus (L.) Urb.,1,1,1,,1,,,1,1,1,1,1,1
Pachystachys lutea Nees,1,1,1,1,1,1,,,1,1,1,1,1
Pandorea jasminoides (Lindl.) K.Schum.,1,1,1,,1,1,,1,,,,,
Panicum coloratum L.,1,1,1,1,,,,1,1,1,1,1,1
Panicum hippothrix K.Schum. ex Engl.,1,1,,1,,,,,1,1,1,1,1
Panicum maximum Jacq.,1,1,1,1,1,,1,1,1,1,1,1,1
Panicum turgidum Forssk.,1,1,1,1,1,,,,1,1,1,1,1
Papaver fugax Poir.,1,1,1,,,,,,,,,,
Papaver macrostomum Boiss. & A.Huet,1,1,1,1,,,,1,1,1,1,1,1
Papaver rhoeas L.,1,1,1,1,1,,,1,1,1,1,1,1
Papaver somniferum L.,1,1,1,1,1,,,1,1,1,1,1,1
Paraserianthes lophantha (Willd.) I.C.Nielsen,1,1,1,1,1,,,1,,,,,
Parinari excelsa Sabine,1,1,1,,1,,,,,,,,
Parkinsonia aculeata L.,1,1,1,1,1,1,1,1,1,1,1,1,1
Parthenium hysterophorus L.,1,1,1,1,1,1,1,1,1,1,1,1,1
Pascalia glauca Ortega,1,1,1,,1,,,1,,,,,
Paspalum conjugatum P.J.Bergius,1,1,,1,1,,1,1,1,1,1,1,1
Paspalum dilatatum Poir.,1,1,1,1,1,,1,1,1,1,1,1,1
Paspalum distichum L.,1,1,1,1,1,,1,1,1,1,1,1,1
Paspalum notatum Flüggé,1,1,1,1,1,,,1,1,1,1,1,1
Paspalum plicatulum Michx.,1,1,1,1,1,,,1,1,1,1,1,1
Paspalum urvillei Steud.,1,1,1,1,1,,1,1,,,,,
Passiflora biflora Lam.,1,1,1,1,,,,1,1,1,1,1,1
Passiflora calcarata Mast.,1,1,,1,,,,1,,,,,
Passiflora ciliata Aiton,1,1,,,,,,,,,,,
Passiflora coccinea Aubl.,1,1,1,1,1,1,,,1,1,1,1,1
Passiflora edulis Sims,1,1,1,1,1,1,1,1,1,1,1,1,1
Passiflora foetida L.,1,1,1,1,1,,1,1,1,1,1,1,1
Passiflora gracilis J.Jacq. ex Link,1,1,1,,1,,,,,,,,
Passiflora holosericea L.,1,1,,,,,,,,,,,
Passiflora kermesina Link & Otto,1,1,1,,,,,,,,,,
Passiflora laurifolia L.,1,1,1,,1,,,1,,,,,
Passiflora ligularis Juss.,1,1,1,1,1,,1,1,,,,,
Passiflora mollissima (Kunth) L.H.Bailey,1,1,1,1,1,1,,1,,,,,
Passiflora morifolia Mast.,1,1,1,,1,,,1,,,,,
Passiflora racemosa Brot.,1,1,1,,1,,,1,,,,,
Passiflora stipulata Aubl.,1,1,,,,,,1,,,,,
Passiflora suberosa L.,1,1,1,1,1,,1,1,1,1,1,1,1
Passiflora subpeltata Ortega,1,1,1,1,1,1,,1,1,1,1,1,1
Passiflora vitifolia Kunth,1,1,1,1,1,1,,,1,1,1,1,1
Paulownia tomentosa Steud.,1,1,1,1,1,,1,1,1,,1,1,1
Pedalium murex L.,1,1,1,1,1,1,,1,1,1,1,1,1
Pelargonium capitatum (L.) L'Hér.,1,1,1,,1,,,1,,,,,
Pelargonium cucullatum (L.) L'Hér.,1,1,1,,,,,,,,,,
Pelargonium graveolens L'Hér.,1,1,1,1,1,1,,1,,,,,
Pelargonium grossularioides (L.) L'Hér.,1,1,1,,,,,,,,,,
Pelargonium inquinans (L.) L'Hér.,1,1,1,,,,,1,,,,,
Pelargonium peltatum (L.) L'Hér.,1,1,1,1,1,,1,1,,,,,
Pelargonium quercifolium (L.f.) L'Hér.,1,1,1,,,,,1,,,,,
Pelargonium radens H.E.Moore,1,1,1,,,,,1,,,,,
Pelargonium zonale (L.) L'Hér. ex Aiton,1,1,1,,1,,1,1,,,,,
Pennisetum clandestinum Hochst. ex Chiov.,1,1,1,1,1,,1,1,1,1,1,1,1
Pennisetum glaucum (L.) R.Br.,1,1,,1,1,,,1,,,,,
Pennisetum pedicellatum Trin.,1,1,1,1,1,,1,1,,,,,
Pennisetum polystachyon Schult.,1,1,1,1,,,1,,,,,,
Pennisetum purpureum Schumach.,1,1,1,1,1,,1,1,,,,,
Penstemon azureus Benth.,1,1,1,,,,,,,,,,
Penstemon campanulatus (Cav.) Willd.,1,1,1,,,,,,,,,,
Penstemon rubicundus D.D.Keck,1,1,1,,,1,,,,,,,
Pentalinon luteum (L.) B.F.Hansen & Wunderlin,1,1,1,1,,1,,,,,,,
Pentapetes phoenicea L.,1,1,1,1,1,1,,1,1,1,1,1,1
Pentas zanzibarica (Klotzsch) Vatke,1,1,1,,,,,,,,,,
Peperomia argyreia (Hook.f.) E.Morren,1,1,1,,1,,,,,,,,
Peperomia pellucida (L.) Kunth,1,1,1,1,1,1,,1,1,1,1,1,1
Pereskia bleo (Kunth) DC.,1,1,1,1,1,1,,,1,1,1,1,1
Peristeria elata Hook.,1,1,1,,,1,,,,,,,
Peristrophe salicifolia Hassk.,1,1,,,,,,,,,,,
Persea macrantha (Nees) Kosterm.,1,1,,,,1,,,,,,,
Persicaria barbata (L.) H.Hara,1,1,1,1,,,,1,1,1,1,1,1
Persicaria hydropiper (L.) Delarbre,1,1,1,1,1,,1,1,1,1,1,1,1
Petiveria alliacea L.,1,1,1,1,1,,1,1,1,1,1,1,1
Petunia integrifolia (Hook.) Schinz & Thell.,1,1,1,,1,,,1,,,,,
Phaedranassa dubia (Kunth) J.F.Macbr.,1,1,,,,,,,,,,,
Phalaris aquatica L.,1,1,1,,1,,1,1,,,,,
Phalaris arundinacea L.,1,1,1,1,1,1,1,1,1,1,1,1,1
Phalaris minor Retz.,1,1,1,1,1,,1,1,,,,,
Phoenix reclinata Jacq.,1,1,1,,1,,,1,,,,,
Phormium tenax J.R.Forst. & G.Forst.,1,1,1,1,1,,1,1,,,,,
Phragmites australis (Cav.) Trin. ex Steud.,1,1,1,1,1,,1,1,1,1,1,1,1
Phyllanthus angustifolius (Sw.) Sw.,1,1,1,1,,,,,1,1,1,1,1
Phyllanthus arbuscula (Sw.) J.F.Gmel.,1,1,1,,,,,,,,,,
Phyllanthus asperulatus Hutch.,1,1,,,,,,,,,,,
Phyllanthus emblica L.,1,1,1,1,1,1,,1,1,1,1,1,1
Phyllanthus myrtifolius (Wight) Müll.Arg.,1,1,,1,,1,,,,,,,
Phyllanthus tenellus Roxb.,1,1,1,1,,1,,1,1,1,1,1,1
Phyllarthron bojeranum DC.,1,1,1,,1,,,,,,,,
Phyllarthron comorense DC.,1,1,,,,,,,,,,,
Phyllostachys edulis (Carrière) J.Houz.,1,1,1,,1,,,1,,,,,
Physalis angulata L.,1,1,1,1,1,1,1,1,1,1,1,1,1
Physalis lagascae Roem. & Schult.,1,1,1,1,,,,1,1,1,1,1,1
Physalis peruviana L.,1,1,1,1,1,1,1,1,1,1,1,1,1
Physalis philadelphica Lam.,1,1,1,1,1,,,1,1,1,1,1,1
Physalis pubescens L.,1,1,1,,1,,,1,,,,,
Phytolacca dioica L.,1,1,1,1,1,,,1,,,,,
Phytolacca octandra L.,1,1,1,1,1,,,1,,,,,
Pilea microphylla (L.) Liebm.,1,1,1,1,1,1,,1,1,1,1,1,1
Pilea serpyllifolia (Poir.) Wedd.,1,1,1,,,,,1,,,,,
Pinus radiata D.Don,1,1,1,,1,,1,1,,,,,
Piper betle L.,1,1,,1,1,1,,1,1,1,1,1,1
Piper divaricatum G.Mey.,1,1,1,,,,,,,,,,
Pistacia terebinthus L.,1,1,1,,1,,,,,,,,
Pistia stratiotes L.,1,1,1,1,1,,1,1,1,1,1,1,1
Pithecellobium dulce (Roxb.) Benth.,1,1,1,1,1,1,1,1,1,1,1,1,1
Pithecellobium unguis-cati (L.) Benth.,1,1,1,,1,,,1,,,,,
Pittosporum bicolor Hook.,1,1,1,,1,,,1,,,,,
Pittosporum crassifolium Banks & Sol. ex A.Cunn.,1,1,1,,1,,,1,,,,,
Pittosporum tobira (Thunb.) W.T.Aiton,1,1,1,,1,1,,1,,,,,
Pittosporum umbellatum Banks & Soland ex Gaertn.,1,1,,,,,,,,,,,
Pittosporum undulatum Vent.,1,1,1,1,1,,1,1,,,,,
Pittosporum viridiflorum Sims,1,1,1,,1,,,1,,,,,
Plantago lanceolata L.,1,1,1,1,1,,1,1,1,1,1,1,1
Plantago major L.,1,1,,1,1,1,1,1,1,1,1,1,1
Plantago ovata Forssk.,1,1,1,1,1,,,,1,1,1,1,1
Platostoma africanum P.Beauv.,1,1,,1,,,,,,,,,
Plectranthus scutellarioides (L.) R.Br.,1,1,1,1,1,,1,1,,,,,
Pleonotoma jasminifolia (Kunth) Miers,1,1,,,,,,,,,,,
Plumbago zeylanica L.,1,1,1,1,1,1,,1,1,1,1,1,1
Plumeria pudica Jacq.,1,1,1,1,,1,,,1,1,1,1,1
Plumeria rubra L.,1,1,1,1,1,1,,1,1,1,1,1,1
Poa annua L.,1,1,1,1,1,,1,1,1,1,1,1,1
Poa pratensis L.,1,1,1,1,1,,1,1,1,1,1,1,1
Podocarpus latifolius (Thunb.) R.Br. ex Mirb.,1,1,1,,1,,,,,,,,
Podranea ricasoliana (Tanfani) Sprague,1,1,1,1,1,1,,1,1,1,1,1,1
Polyalthia longifolia (Sonn.) Thwaites,1,1,1,1,1,1,,1,1,1,1,1,1
Polycarpaea corymbosa (L.) Lam.,1,1,1,1,1,1,,1,1,1,1,1,1
Polycarpon tetraphyllum (L.) L.,1,1,1,1,,,1,1,,,,,
Polygala lancifolia A.St.-Hil. & Moq.,1,1,,,,,,1,,,,,
Polygala myrtifolia L.,1,1,1,,1,,,1,,,,,
Polygonum aviculare L.,1,1,,1,1,,1,1,1,1,1,1,1
Polygonum maritimum L.,1,1,,,,,,1,,,,,
Polypogon monspeliensis (L.) Desf.,1,1,1,1,1,,1,1,1,1,1,1,1
Polyscias cumingiana (C.Presl) Fern.-Vill.,1,1,1,,1,,,1,,,,,
Polytrias indica (Houtt.) Veldkamp,1,1,1,1,1,,,1,1,1,1,1,1
Pomaderris apetala Labill.,1,1,,,,,,,,,,,
Pontederia cordata L.,1,1,1,,1,,,1,,,,,
Populus alba L.,1,1,1,1,1,,1,1,1,1,1,1,1
Portulaca oleracea L.,1,1,,1,1,1,1,1,1,1,1,1,1
Portulaca pilosa L.,1,1,1,1,,,1,1,1,1,1,1,1
Portulaca quadrifida L.,1,1,,1,1,1,1,1,1,1,1,1,1
Potamogeton berchtoldii Fieber,1,1,1,1,,,,,1,1,1,1,1
Potamogeton crispus L.,1,1,1,1,1,,1,1,1,1,1,1,1
Potamogeton pusillus L.,1,1,1,1,,,,1,1,1,1,1,1
Potamogeton trichoides Cham. & Schltdl.,1,1,,,,,,,,,,,
Primula malacoides Franch.,1,1,1,1,1,,,1,1,1,1,1,1
Primula obconica Hance,1,1,1,,1,,,1,,,,,
Pritchardia pacifica Seem. & H.Wendl.,1,1,1,1,1,1,,,1,1,1,1,1
Proiphys amboinensis (L.) Herb.,1,1,,,,1,,1,,,,,
Prosopis chilensis (Molina) Stuntz,1,1,1,,1,,,1,1,1,1,1,1
Prosopis glandulosa Torr.,1,1,1,1,1,,1,1,,,,,
Prosopis juliflora (Sw.) DC.,1,1,1,1,1,1,1,1,1,1,1,1,1
Prosopis pallida (Willd.) Kunth,1,1,1,1,1,,1,1,,,,,
Prosopis velutina Wooton,1,1,1,1,1,,1,1,,,,,
Prunus armeniaca L.,1,1,1,1,1,,,1,1,1,1,1,1
Prunus avium (L.) L.,1,1,1,1,1,,,1,1,1,1,1,1
Prunus campanulata Maxim.,1,1,1,1,1,,1,1,,,,,
Prunus laurocerasus L.,1,1,1,,1,,,1,,,,,
Prunus mahaleb L.,1,1,1,,1,1,,1,,,,,
Pseudelephantopus spicatus (Juss.) R.Br.,1,1,1,,1,,,1,1,1,1,1,1
Pseuderanthemum carruthersii (Seem.) Guillaumin,1,1,1,1,1,,,1,1,1,1,1,1
Pseuderanthemum cinnabarinum (Wall.) Radlk. ex Lindau,1,1,,,,,,,,,,,
Pseudofumaria lutea (L.) Borkh.,1,1,1,,1,,,1,,,,,
Psidium guajava L.,1,1,1,1,1,1,1,1,1,1,1,1,1
Psophocarpus scandens (Endl.) Verdc.,1,1,1,,,,,,,,,,
Psoralea pinnata L.,1,1,1,,1,,,1,1,1,1,1,1
Pterocymbium tinctorium Merr.,1,1,,,,,,,1,1,1,1,1
Ptychosperma elegans (R.Br.) Blume,1,1,1,,1,1,,1,,,,,
Pueraria montana (Lour.) Merr.,1,1,1,1,1,,1,1,1,1,1,1,1
Punica granatum L.,1,1,1,1,1,1,,1,1,1,1,1,1
Pupalia lappacea (L.) Juss.,1,1,1,1,,,,1,1,1,1,1,1
Pycnostachys speciosa Gürke,1,1,,,,,,,,,,,
Pycreus pumilus (L.) Nees,1,1,,1,,,,1,1,1,1,1,1
"Pyrolirion arvense (F.Dietr.) Erhardt, Götz & Seybold",1,1,,,,,,,,,,,
Quercus baloot Griff.,1,1,1,1,,,,,1,1,1,1,1
Quercus coccifera L.,1,1,1,,1,,,,,,,,
Quercus ilex L.,1,1,1,1,1,1,,1,1,1,1,1,1
Quercus robur L.,1,1,1,1,1,,,1,1,1,1,1,1
Quillaja saponaria Poir.,1,1,1,,1,,,,,,,,
Ranunculus aquatilis L.,1,1,1,1,,,,1,,,,,
Raphanus raphanistrum L.,1,1,1,1,1,,1,1,1,1,1,1,1
Raphionacme hirsuta (E.Mey.) R.A.Dyer,1,1,1,,,,,,,,,,
Rauvolfia tetraphylla L.,1,1,1,1,1,1,,1,1,1,1,1,1
Reseda luteola L.,1,1,1,,1,,,1,,,,,
Reynoutria sachalinensis (F.Schmidt) Nakai,1,1,1,,1,,,1,,,,,
Rhamnus cathartica L.,1,1,1,1,1,,1,1,,,,,
Rhamnus persica P.Lawson,1,1,,,1,,,1,,,,,
Rheum rhaponticum L.,1,1,1,,1,,,1,,,,,
Rhodanthe chlorocephala (Turcz.) Paul G.Wilson,1,1,1,,,,,1,,,,,
Rhodanthe manglesii Lindl.,1,1,1,,1,,,,,,,,
Rhynchosia minima (L.) DC.,1,1,1,1,1,,,1,1,1,1,1,1
Richardia brasiliensis Gomes,1,1,1,1,,,,1,1,1,1,1,1
Richardia scabra L.,1,1,1,1,,,,1,1,1,1,1,1
Ricinus communis L.,1,1,,1,1,1,1,1,1,1,1,1,1
Rivina humilis L.,1,1,1,1,1,1,1,1,1,1,1,1,1
Robinia pseudoacacia L.,1,1,1,1,1,1,1,1,1,1,1,1,1
Romneya coulteri Harv.,1,1,1,,,,,1,,,,,
Rorippa dubia (Pers.) H.Hara,1,1,,1,,,,1,1,1,1,1,1
Rorippa islandica (Oeder) Borbás,1,1,1,1,,,,1,,,,,
Rosa canina L.,1,1,1,,1,,,1,,,,,
Rosa cathayensis (Rehder & E.H.Wilson) L.H.Bailey,1,1,,,,,,,,,,,
Rosa chinensis Jacq.,1,1,1,1,1,,,1,1,1,1,1,1
Rosa cymosa Tratt.,1,1,1,,,,,,,,,,
Rosa laevigata Michx.,1,1,1,,1,,,1,,,,,
Rosa moschata Mill.,1,1,,1,1,,,1,1,1,1,1,1
Rosa multiflora Sims,1,1,1,1,1,1,1,1,1,1,1,1,1
Rosa sempervirens L.,1,1,1,,,,,1,,,,,
Rosa setigera Michx.,1,1,1,,1,,,1,,,,,
Rotala densiflora (Roth) Koehne,1,1,,1,,,,1,1,1,1,1,1
Rotala indica (Willd.) Koehne,1,1,1,1,1,,,1,1,1,1,1,1
Rubus buergeri Miq.,1,1,1,1,1,,,1,,,,,
Rubus moluccanus L.,1,1,1,1,,,,1,1,1,1,1,1
Rubus ulmifolius Schott,1,1,1,1,1,,,1,,,,,
Rudbeckia maxima Nutt.,1,1,1,,1,,,,,,,,
Ruellia elegans Poir.,1,1,,,,1,,,,,,,
Ruellia simplex C.Wright,1,1,1,1,1,,1,1,1,1,1,1,1
Ruellia tuberosa L.,1,1,1,1,,,,1,1,1,1,1,1
Ruellia tweediana Griseb.,1,1,,1,,1,,,1,1,1,1,1
Rumex acetosella L.,1,1,1,1,1,,1,1,,,,,
Rumex aquaticus L.,1,1,1,1,1,,,1,,,,,
Rumex conglomeratus Murray,1,1,1,,,,,1,,,,,
Rumex crispus L.,1,1,1,,1,1,,1,1,1,1,1,1
Rumex obtusifolius L.,1,1,1,,1,,1,1,1,1,1,1,1
Rumex paulsenianus Rech.f.,1,1,,,,,,,1,1,1,1,1
Russelia floribunda Kunth,1,1,,,,,,,,,,,
Sabal minor (Jacq.) Pers.,1,1,1,1,1,,,,1,1,1,1,1
Saccharum spontaneum L.,1,1,1,1,1,1,1,1,1,1,1,1,1
Sagina procumbens L.,1,1,1,1,1,,,1,,,,,
Sagina saginoides (L.) H.Karst.,1,1,,1,,1,,1,1,1,1,1,1
Sagittaria latifolia Willd.,1,1,1,,1,,1,1,,,,,
Sagittaria sagittifolia L.,1,1,1,1,,,,1,,,,,
Salix alba L.,1,1,1,1,1,,,1,1,1,1,1,1
Salix babylonica L.,1,1,1,1,1,1,,1,1,1,1,1,1
Salix cinerea L.,1,1,1,1,1,,1,1,,,,,
Salvia elegans Vahl,1,1,1,,1,,,,,,,,
Salvia glechomifolia Kunth,1,1,1,,,,,,,,,,
Salvia involucrata Cav.,1,1,1,1,,,,1,,,,,
Salvia melissodora Lag.,1,1,1,,1,,,1,,,,,
Salvia patens Cav.,1,1,1,,1,,,,,,,,
Salvia plebeia R.Br.,1,1,1,1,1,1,,,1,1,1,1,1
Salvia sclarea L.,1,1,1,1,1,1,,1,1,1,1,1,1
Salvia uliginosa Benth.,1,1,1,,,,,1,,,,,
Salvia verbenaca L.,1,1,1,,,,,1,,,,,
Salvinia adnata Desv.,1,1,,1,,,1,1,,,,,
Salvinia natans (L.) All.,1,1,1,1,1,1,1,1,,,,,
Sambucus nigra L.,1,1,1,1,1,1,1,1,1,1,1,1,1
Sanchezia parvibracteata Sprague & Hutch.,1,1,1,1,1,,1,1,,,,,
Sandoricum koetjape (Burm.f.) Merr.,1,1,1,1,1,1,,1,,,,,
Sansevieria hyacinthoides (L.) Druce,1,1,1,1,1,,1,1,1,1,1,1,1
Sansevieria zeylanica (L.) Willd.,1,1,,,,1,,1,1,1,1,1,1
Santolina chamaecyparissus L.,1,1,,1,1,,,1,,,,,
Sapindus saponaria L.,1,1,1,1,1,,,1,1,1,1,1,1
Saponaria officinalis L.,1,1,1,1,1,,,1,1,1,1,1,1
Satureja hortensis L.,1,1,1,,1,,,1,1,1,1,1,1
Saxifraga stolonifera Curtis,1,1,1,1,1,1,,1,,,,,
Scadoxus puniceus (L.) Friis & Nordal,1,1,1,,1,,,,,,,,
Scaevola taccada (Gaertn.) Roxb.,1,1,1,1,,,1,1,,,,,
Scandix stellata Banks & Sol.,1,1,1,,,,,,,,,,
Schaueria calicotricha (Link & Otto) Nees,1,1,,,,,,,,,,,
Schefflera arboricola (Hayata) Merr.,1,1,1,1,1,1,,1,1,1,1,1,1
Schefflera elegantissima (Veitch ex Mast.) Lowry & Frodin,1,1,1,,1,1,,,,,,,
Schizanthus pinnatus Ruiz & Pav.,1,1,1,,1,,,,,,,,
Schotia brachypetala Sond.,1,1,1,1,1,1,,1,1,1,1,1,1
Schouwia purpurea (Forssk.) Schweinf.,1,1,,,,,,,,,,,
Scleranthus annuus L.,1,1,1,,,,,1,,,,,
Sclerocarpus africanus Jacq. ex Murray,1,1,,,,,,1,,,,,
Scoparia dulcis L.,1,1,,1,1,1,,1,1,1,1,1,1
Scorzonera hispanica L.,1,1,1,,1,,,1,1,1,1,1,1
Scrophularia peregrina L.,1,1,,,,,,1,,,,,
Searsia lancea (L.f.) F.A.Barkley,1,1,1,,1,,,1,,,,,
Searsia tomentosa (L.) F.A.Barkley,1,1,,,1,,,,,,,,
Sedum acre L.,1,1,1,,1,,,1,,,,,
Sedum mexicanum Britton,1,1,1,,1,,,1,,,,,
Sedum sarmentosum Bunge,1,1,1,,1,,,1,,,,,
Seemannia sylvatica (Kunth) Baill.,1,1,1,,1,,,1,,,,,
Selenicereus testudo (Karw. ex Zucc.) Buxb.,1,1,1,,,,,,,,,,
Senecio articulatus (L.f.) Sch.Bip.,1,1,1,,1,,,,,,,,
Senecio sempervivus Sch.Bip.,1,1,,,,,,,,,,,
Senecio vestitus Sweet ex Steud.,1,1,,,,,,1,,,,,
Senecio vulgaris L.,1,1,1,1,1,,1,1,,,,,
Senegalia mellifera (Benth.) Seigler & Ebinger,1,1,1,,1,,,,,,,,
Senna alata (L.) Roxb.,1,1,1,1,1,1,1,1,1,1,1,1,1
Senna bicapsularis (L.) Roxb.,1,1,1,1,1,,,1,,,,,
Senna didymobotrya (Fresen.) H.S.Irwin & Barneby,1,1,1,1,1,1,,1,1,1,1,1,1
Senna fruticosa (Mill.) H.S.Irwin & Barneby,1,1,1,,,,,1,,,,,
Senna hirsuta (L.) H.S.Irwin & Barneby,1,1,1,1,1,,1,1,1,1,1,1,1
Senna insularis (Britton & Rose) H.S.Irwin & Ba,1,1,,,,,,,,,,,
Senna multiglandulosa (Jacq.) H.S.Irwin & Barneby,1,1,1,,1,,,1,,,,,
Senna obtusifolia (L.) H.S.Irwin & Barneby,1,1,1,1,1,,1,1,1,1,1,1,1
Senna occidentalis (L.) Link,1,1,1,1,1,,1,1,1,1,1,1,1
Senna planitiicola (Domin) Randell,1,1,1,,,,,1,,,,,
Senna polyphylla (Jacq.) H.S.Irwin & Barneby,1,1,1,1,1,1,,,1,1,1,1,1
Senna septemtrionalis (Viv.) H.S.Irwin & Barneby,1,1,1,1,1,,1,1,1,1,1,1,1
Senna sophera (L.) Roxb.,1,1,1,1,1,,,1,1,1,1,1,1
Senna spectabilis (DC.) H.S.Irwin & Barneby,1,1,1,1,1,1,1,1,1,1,1,1,1
Senna tora (L.) Roxb.,1,1,1,1,1,1,1,1,1,1,1,1,1
Senna uniflora (Mill.) H.S.Irwin & Barneby,1,1,1,1,,,,1,1,1,1,1,1
Sesamum radiatum Schumach. & Thonn.,1,1,1,,1,,,1,,,,,
Sesbania bispinosa (Jacq.) W.Wight,1,1,1,1,1,,,1,1,1,1,1,1
Sesbania cinerascens Baker,1,1,1,,,,,,,,,,
Sesbania sesban (L.) Merr.,1,1,1,1,1,,1,1,1,1,1,1,1
Sesbania speciosa Taub.,1,1,1,,1,,,,,,,,
Sesuvium portulacastrum (L.) L.,1,1,1,1,1,,,1,1,1,1,1,1
Setaria palmifolia (J.Koenig) Stapf,1,1,1,1,1,,1,1,1,1,1,1,1
Setaria parviflora (Poir.) M.Kerguelen,1,1,1,1,,,1,1,1,1,1,1,1
Setaria poiretiana (Schult.) Kunth,1,1,1,,,,,1,,,,,
Setaria sphacelata (Schumach.) Stapf & C.E.Hubb. ex Moss,1,1,1,1,,,,1,,,,,
Setaria verticillata (L.) P.Beauv.,1,1,1,1,1,,1,1,1,1,1,1,1
Sida acuta Burm.f.,1,1,1,1,1,1,1,1,1,1,1,1,1
Sida cordata (Burm.f.) Borss.Waalk.,1,1,1,1,1,1,,1,1,1,1,1,1
Sida cordifolia L.,1,1,1,1,1,1,,1,1,1,1,1,1
Sida linifolia Juss. ex Cav.,1,1,1,,1,,1,1,,,,,
Sida rhombifolia L.,1,1,1,1,1,1,,1,1,1,1,1,1
Sida spinosa L.,1,1,1,,,,,1,1,1,1,1,1
Sidastrum micranthum (A.St.-Hil.) Fryxell,1,1,1,,,,,1,,,,,
Sigesbeckia orientalis L.,1,1,,,,1,,1,1,1,1,1,1
Silene armeria L.,1,1,1,,1,,,1,,,,,
Silene conoidea L.,1,1,1,1,1,,,1,1,1,1,1,1
Silene coronaria (Desr.) Clairv. ex Rchb.,1,1,1,,1,,,1,1,1,1,1,1
Silene gallica L.,1,1,1,1,1,,1,1,1,1,1,1,1
Silene latifolia Poir.,1,1,1,,1,,1,1,,,,,
Silene noctiflora L.,1,1,1,,,,,1,,,,,
Silene vulgaris (Moench) Garcke,1,1,1,1,1,,,1,1,1,1,1,1
Silybum marianum (L.) Gaertn.,1,1,1,1,1,1,1,1,1,1,1,1,1
Sinapis arvensis L.,1,1,1,1,1,,,1,1,1,1,1,1
Sinningia cardinalis (Lehm.) H.E.Moore,1,1,,,,,,,,,,,
Sinningia douglasii (Lindl.) Chautems,1,1,,,,,,,,,,,
Sinningia speciosa (Lodd.) Hiern,1,1,1,,1,1,,,,,,,
Sinningia tubiflora (Hook.) Fritsch,1,1,,,,,,,,,,,
Sisymbrium loeselii L.,1,1,1,1,,,,1,1,1,1,1,1
Sisymbrium officinale (L.) Scop.,1,1,1,,1,,,1,,,,,
Sisymbrium volgense M.Bieb. ex E.Fourn.,1,1,1,,,,,1,,,,,
Sisyrinchium palmifolium L.,1,1,1,,,,,1,,,,,
Sisyrinchium rosulatum E.P.Bicknell,1,1,1,,,,,1,,,,,
Sixalix atropurpurea (L.) Greuter & Burdet,1,1,1,,1,,,,,,,,
Smithiantha zebrina (Regel) Kuntze,1,1,,,,,,,,,,,
Solandra grandiflora Sw.,1,1,1,,,,,,,,,,
Solandra maxima (Sessé & Moc.) P.S.Green,1,1,1,1,1,,,1,1,1,1,1,1
Solanum aethiopicum L.,1,1,,,1,,,1,1,1,1,1,1
Solanum americanum Mill.,1,1,1,1,1,1,1,1,1,1,1,1,1
Solanum anguivi Lam.,1,1,1,1,1,,,1,1,1,1,1,1
Solanum asperolanatum Ruiz & Pav.,1,1,1,1,,,,1,1,1,1,1,1
Solanum aureitomentosum Bitter,1,1,1,1,1,,,1,1,1,1,1,1
Solanum barbisetum Nees,1,1,,1,,,,,1,1,1,1,1
Solanum bonariense L.,1,1,1,,1,,,1,,,,,
Solanum carolinense L.,1,1,1,1,1,,1,1,1,1,1,1,1
Solanum dulcamara L.,1,1,1,1,1,1,,1,1,1,1,1,1
Solanum elaeagnifolium Cav.,1,1,1,1,1,,1,1,1,1,1,1,1
Solanum erianthum D.Don,1,1,1,1,1,,1,1,1,1,1,1,1
Solanum flaccidum Vell.,1,1,,,,,,,,,,,
Solanum glaucophyllum Desf.,1,1,1,1,1,,,1,,,,,
Solanum laxum Spreng.,1,1,1,1,1,1,,1,1,1,1,1,1
Solanum mammosum L.,1,1,1,1,1,1,1,1,1,1,1,1,1
Solanum marginatum L.f.,1,1,1,1,1,,,1,,,,,
Solanum mauritianum Scop.,1,1,1,1,1,,1,1,1,1,1,1,1
Solanum myriacanthum Dunal,1,1,1,1,,,,1,1,1,1,1,1
Solanum nigrum L.,1,1,1,1,1,1,,,1,1,1,1,1
Solanum pseudocapsicum L.,1,1,,1,1,,,1,1,1,1,1,1
Solanum seaforthianum Andrews,1,1,1,1,1,1,1,1,1,1,1,1,1
Solanum sisymbriifolium Lam.,1,1,1,1,1,,,1,1,1,1,1,1
Solanum torvum Sw.,1,1,1,1,1,1,1,1,1,1,1,1,1
Solanum triquetrum Cav.,1,1,1,,,,,,,,,,
Solanum tuberosum L.,1,1,,1,1,,1,1,1,1,1,1,1
Solanum viarum Dunal,1,1,1,1,1,1,1,1,1,1,1,1,1
Solidago canadensis L.,1,1,1,1,1,1,1,1,1,1,1,1,1
Solidago chilensis Meyen,1,1,1,1,,,,1,,,,,
Solidago gigantea Aiton,1,1,1,1,1,,1,1,,,,,
Solidago nemoralis Aiton,1,1,1,1,1,1,1,,,,,,
Soliva anthemifolia (Juss.) Sweet,1,1,1,1,,,,1,,,,,
Sonchus arvensis L.,1,1,1,1,1,,,1,1,1,1,1,1
Sonchus asper (L.) Hill,1,1,1,1,1,,1,1,1,1,1,1,1
Sonchus oleraceus (L.) L.,1,1,1,1,1,1,1,1,1,1,1,1,1
Sonchus wightianus DC.,1,1,,1,,,,1,1,1,1,1,1
Sophora davidii (Franch.) Pavol.,1,1,1,,1,,,,,,,,
Sophora secundiflora (Ortega) DC.,1,1,1,,1,,,,,,,,
Sorbus domestica L.,1,1,1,,1,,,1,,,,,
Sorghum arundinaceum (Desv.) Stapf,1,1,1,1,1,,,1,1,1,1,1,1
Sorghum bicolor (L.) Moench,1,1,1,1,1,,,1,1,1,1,1,1
Sorghum halepense (L.) Pers.,1,1,1,1,1,,1,1,1,1,1,1,1
Sorghum purpureosericeum (A.Rich.) Schweinf. & Asch.,1,1,1,1,,,,,1,1,1,1,1
Sparganium erectum L.,1,1,1,1,1,,,1,1,1,1,1,1
Spartina alterniflora Loisel.,1,1,1,1,,,1,1,,,,,
Spergula arvensis L.,1,1,1,1,1,,1,1,1,1,1,1,1
Spermacoce alata Aubl.,1,1,1,1,,,,1,1,1,1,1,1
Spermacoce articularis L.f.,1,1,1,1,,,,1,1,1,1,1,1
Spermacoce pusilla Wall.,1,1,,1,,,,,1,1,1,1,1
Spermacoce remota Lam.,1,1,1,1,,,,1,1,1,1,1,1
Spermacoce verticillata L.,1,1,1,1,1,,1,1,1,1,1,1,1
Sphaeranthus africanus L.,1,1,,1,,,,1,1,1,1,1,1
Sphaeranthus senegalensis DC.,1,1,,1,,,,,1,1,1,1,1
Sphagneticola calendulacea (L.) Pruski,1,1,1,1,,1,,1,1,1,1,1,1
Sphagneticola trilobata (L.) Pruski,1,1,1,1,1,1,1,1,1,1,1,1,1
Spigelia anthelmia L.,1,1,1,1,1,,,1,1,1,1,1,1
Spiraea cantoniensis Lour.,1,1,1,1,,,,1,1,1,1,1,1
Spiraea japonica L.f.,1,1,1,1,1,,,1,1,1,1,1,1
Spiraea nipponica Maxim.,1,1,1,,1,,,1,,,,,
Sporobolus africanus (Poir.) Robyns & Tournay,1,1,1,1,1,,1,1,,,,,
Sporobolus diandrus (Retz.) P.Beauv.,1,1,1,1,,,,1,1,1,1,1,1
Sprekelia formosissima (L.) Herb.,1,1,,,,,,,,,,,
Stachytarpheta cayennensis (Rich.) Vahl,1,1,1,1,1,1,1,1,1,1,1,1,1
Stachytarpheta jamaicensis (L.) Vahl,1,1,1,1,1,,,1,1,1,1,1,1
Stachytarpheta mutabilis (Jacq.) Vahl,1,1,1,1,1,1,,1,1,1,1,1,1
Stachytarpheta urticifolia (Salisb.) Sims,1,1,1,1,1,1,1,1,,,,,
Stapelia gigantea N.E.Br.,1,1,1,,1,,,1,,,,,
Stapelia grandiflora Masson,1,1,1,,1,,,,,,,,
Stellaria media (L.) Vill.,1,1,1,1,1,,1,1,1,1,1,1,1
Stemodia verticillata (Mill.) Hassl.,1,1,,1,1,,,1,1,1,1,1,1
Stenocarpus salignus R.Br.,1,1,1,,,,,1,,,,,
Stenotaphrum secundatum (Walter) Kuntze,1,1,1,1,1,,1,1,,,,,
Steriphoma paradoxum (Jacq.) Endl.,1,1,,,,,,,,,,,
Stewartia pseudocamellia Maxim.,1,1,1,,1,,,,,,,,
Stigmaphyllon ciliatum (Lam.) A.Juss.,1,1,1,,1,,,1,,,,,
Stigmaphyllon emarginatum (Cav.) A.Juss.,1,1,1,,,,,,,,,,
Stipagrostis hirtigluma (Steud. ex Trin. & Rupr.) De Winter,1,1,,1,,,,1,,,,,
Stipagrostis plumosa Munro ex T.Anderson,1,1,1,1,,,,1,1,1,1,1,1
Stokesia laevis (Hill) Greene,1,1,1,,1,1,,,,,,,
Strelitzia reginae Banks,1,1,1,,1,,,1,,,,,
Streptosolen jamesonii (Benth.) Miers,1,1,1,1,1,1,,1,1,,1,1,1
Striga gesnerioides (Willd.) Vatke,1,1,1,1,,,1,1,1,1,1,1,1
Strobilanthes lanata Nees,1,1,,,,,,,,,,,
Strophanthus gratus (Wall. & Hook.) Baill.,1,1,1,,1,1,,,,,,,
Struchium sparganophorum (L.) Kuntze,1,1,1,1,,,,1,,,,,
Stuckenia filiformis (Pers.) Börner,1,1,1,1,,,,,1,1,1,1,1
Stuckenia pectinata (L.) Börner,1,1,1,1,,,,,1,1,1,1,1
Stylosanthes fruticosa (Retz.) Alston,1,1,1,1,,,,1,1,1,1,1,1
Stylosanthes guianensis (Aubl.) Sw.,1,1,1,1,,,,1,1,1,1,1,1
Stylosanthes hamata (L.) Taub.,1,1,1,1,1,1,,1,1,1,1,1,1
Stylosanthes humilis Kunth,1,1,1,,1,,,1,,,,,
Swietenia mahagoni (L.) Jacq.,1,1,1,1,1,,,1,1,1,1,1,1
Syagrus romanzoffiana (Cham.) Glassman,1,1,1,1,1,1,,1,1,1,1,1,1
Symphyotrichum cordifolium (L.) G.L.Nesom,1,1,1,,1,,,1,,,,,
Symphyotrichum laeve (L.) Á.Löve & D.Löve,1,1,1,,,1,,1,,,,,
Symphytum officinale L.,1,1,1,,1,,,1,,,,,
Synedrella nodiflora (L.) Gaertn.,1,1,1,1,1,,1,1,1,1,1,1,1
Syzygium jambos (L.) Alston,1,1,,1,1,,1,1,1,1,1,1,1
Tabernaemontana amygdalifolia Jacq.,1,1,1,,,,,,1,1,1,1,1
Tabernaemontana citrifolia L.,1,1,1,,,,,,,,,,
Tagetes erecta L.,1,1,1,1,1,1,,1,1,1,1,1,1
Tagetes lucida Cav.,1,1,1,,1,,,,,,,,
Tagetes minuta L.,1,1,1,1,1,,1,1,1,1,1,1,1
Talinum fruticosum (L.) Juss.,1,1,1,1,1,,,1,1,1,1,1,1
Talinum paniculatum (Jacq.) Gaertn.,1,1,1,,1,1,,1,,,,,
Tamarindus indica L.,1,1,1,1,1,1,,1,1,1,1,1,1
Tanacetum cinerariifolium (Trevir.) Sch.Bip.,1,1,1,1,,,,1,1,1,1,1,1
Tanacetum parthenium (L.) Sch.Bip.,1,1,1,1,1,1,,1,1,1,1,1,1
Taraxacum campylodes G.E.Haglund,1,1,,,,,1,1,,,,,
"Tarlmounia elliptica (DC.) H.Rob., S.C.Keeley, Skvarla & R.Chan",1,1,1,,,,,1,1,1,1,1,1
Taxillus tomentosus Tiegh.,1,1,,1,,,,,,,,,
Tecoma capensis (Thunb.) Lindl.,1,1,1,1,1,1,1,1,1,1,1,1,1
Tecoma stans Griseb.,1,1,1,1,1,1,1,1,1,1,1,1,1
Tephrosia purpurea (L.) Pers.,1,1,1,1,1,1,1,1,1,1,1,1,1
Teramnus labialis (L.f.) Spreng.,1,1,1,1,1,,,1,1,1,1,1,1
Tetradenia riparia (Hochst.) Codd,1,1,1,1,1,,,1,,,,,
Tetragonia tetragonioides (Pall.) Kuntze,1,1,,1,,,1,1,,,,,
Teucrium fruticans L.,1,1,1,,1,,,,,,,,
Thalia geniculata L.,1,1,1,,,1,,1,,,,,
Thrinax parviflora Sw.,1,1,1,1,1,1,,,1,1,1,1,1
Thunbergia alata Bojer ex Sims,1,1,1,1,1,1,1,1,1,1,1,1,1
Thunbergia erecta (Benth.) T.Anderson,1,1,1,1,1,1,1,1,1,1,1,1,1
Thymophylla tenuifolia (Cass.) Rydb.,1,1,,1,,,,,,,,,
Thymophylla tenuiloba (DC.) Small,1,1,1,,,,,1,,,,,
Thymus serpyllum L.,1,1,1,1,1,,,1,1,1,1,1,1
Tibouchina urvilleana (DC.) Cogn.,1,1,1,1,1,1,1,1,,,,,
Tithonia diversifolia (Hemsl.) A.Gray,1,1,1,1,1,1,1,1,1,1,1,1,1
Tithonia rotundifolia (Mill.) S.F.Blake,1,1,1,1,1,1,1,1,1,1,1,1,1
Tococa platyphylla Benth.,1,1,,,,,,,,,,,
Torenia fournieri Linden ex E.Fourn.,1,1,1,1,1,1,,1,1,1,1,1,1
Torilis japonica (Houtt.) DC.,1,1,1,1,1,,,1,1,1,1,1,1
Tradescantia fluminensis Vell.,1,1,1,1,1,1,1,1,,,,,
Tradescantia zebrina Bosse,1,1,1,1,1,1,1,1,1,1,1,1,1
Tragopogon porrifolius L.,1,1,1,1,1,,,1,1,1,1,1,1
Triadica sebifera (L.) Small,1,1,1,1,1,1,1,1,1,1,1,1,1
Tribulus cistoides L.,1,1,1,1,,,1,1,,,,,
Tribulus pentandrus Forssk.,1,1,1,,,,,1,,,,,
Tribulus terrestris L.,1,1,1,1,1,1,1,1,1,1,1,1,1
Tridax procumbens (L.) L.,1,1,1,1,1,,1,1,1,1,1,1,1
Trifolium alexandrinum L.,1,1,,1,1,,,1,1,1,1,1,1
Trifolium cernuum Brot.,1,1,1,,,,,1,,,,,
Trifolium dubium Sibth.,1,1,1,,1,,,1,1,1,1,1,1
Trifolium fragiferum L.,1,1,1,,1,,,1,1,1,1,1,1
Trifolium hybridum L.,1,1,1,1,1,,1,1,,,,,
Trifolium incarnatum L.,1,1,1,,1,,,1,1,1,1,1,1
Trifolium pratense L.,1,1,1,1,1,,,1,1,1,1,1,1
Trifolium repens L.,1,1,1,1,1,,,1,1,1,1,1,1
Trifolium resupinatum L.,1,1,1,1,1,,,1,1,1,1,1,1
Trifolium subterraneum L.,1,1,1,1,1,,,1,1,1,1,1,1
Trifolium tomentosum L.,1,1,1,1,,,,1,1,1,1,1,1
Triplaris americana L.,1,1,1,1,1,1,1,1,,,,,
Tripsacum laxum Nash,1,1,1,,,,,1,,,,,
Triumfetta rhomboidea Jacq.,1,1,,1,1,,1,1,1,1,1,1,1
Tropaeolum minus L.,1,1,1,,1,,,,,,,,
Tropaeolum pentaphyllum Lam.,1,1,,,,,,1,,,,,
Tropaeolum peregrinum L.,1,1,1,,1,,,,,,,,
Turbina corymbosa (L.) Raf.,1,1,1,1,1,,1,1,,,,,
Turnera subulata Sm.,1,1,1,1,1,1,,1,1,1,1,1,1
Turnera ulmifolia L.,1,1,1,1,1,1,1,1,1,1,1,1,1
Typha angustifolia L.,1,1,1,1,1,,1,1,1,1,1,1,1
Typha domingensis Pers.,1,1,1,1,1,,1,1,1,1,1,1,1
Ulex europaeus L.,1,1,1,1,1,,1,1,1,1,1,1,1
Umbilicus rupestris (Salisb.) Dandy,1,1,1,,1,,,1,,,,,
Urena lobata L.,1,1,1,1,1,,1,1,1,1,1,1,1
Urochloa mosambicensis (Hack.) Dandy,1,1,1,,1,,,1,,,,,
Urochloa panicoides P.Beauv.,1,1,1,1,,,1,1,1,1,1,1,1
Urochondra setulosa (Trin.) C.E.Hubb.,1,1,,,,,,1,,,,,
Utricularia aurea Lour.,1,1,,1,,,,,1,1,1,1,1
Vaccaria hispanica (Mill.) Rauschert,1,1,1,,1,,,1,1,1,1,1,1
Vachellia caven (Molina) Seigler & Ebinger,1,1,1,,1,,,,,,,,
Vachellia karroo (Hayne) Banfi & Galasso,1,1,1,1,1,,1,1,,,,,
Vachellia tortilis (Forssk.) Galasso & Banfi,1,1,1,,1,,,,1,1,1,1,1
Vallisneria spiralis L.,1,1,1,1,1,,1,1,1,1,1,1,1
Vangueria madagascariensis J.F.Gmel.,1,1,1,,1,,,1,,,,,
Verbascum arcturus L.,1,1,,,,,,,,,,,
Verbascum thapsus L.,1,1,1,1,1,,1,1,1,1,1,1,1
Verbascum virgatum Stokes,1,1,1,,1,,,1,,,,,
Verbena bonariensis L.,1,1,1,1,1,1,,1,1,1,1,1,1
Verbena officinalis L.,1,1,1,1,1,,,1,1,1,1,1,1
Verbena rigida Spreng.,1,1,1,1,1,1,1,1,1,1,1,1,1
Verbesina encelioides (Cav.) Benth. & Hook.f. ex A.Gray,1,1,1,1,1,,1,1,1,1,1,1,1
Vernicia montana Lour.,1,1,1,,1,,,1,1,,1,1,1
Vernonia arborescens Pers.,1,1,1,1,,,,,,,,,
Veronica anagallis-aquatica L.,1,1,1,1,1,,,1,1,1,1,1,1
Veronica persica Poir.,1,1,,1,,,,1,1,1,1,1,1
Veronica polita Fr.,1,1,1,1,,,,1,1,1,1,1,1
Veronica speciosa R.Cunn. ex A.Cunn.,1,1,,,,,,1,,,,,
Veronica wyomingensis (A.Nelson) M.M.Mart.Ort. & Albach,1,1,1,,,,,,1,1,1,1,1
Vicia hirsuta (L.) Gray,1,1,1,1,1,,,1,1,1,1,1,1
Vicia sativa L.,1,1,1,1,,,,1,1,1,1,1,1
Vicia villosa Roth,1,1,1,1,1,,1,1,,,,,
Vigna adenantha (G.Mey.) Marechal & al.,1,1,1,1,1,,,1,1,1,1,1,1
Vigna hosei (Craib) Backer,1,1,1,1,,,,1,1,1,1,1,1
Vigna trilobata (L.) Verdc.,1,1,1,1,1,,,1,1,1,1,1,1
Vigna umbellata (Thunb.) Ohwi & H.Ohashi,1,1,1,1,1,,,1,1,1,1,1,1
Vinca major L.,1,1,1,1,1,1,,1,1,1,1,1,1
Viola odorata L.,1,1,1,1,1,1,,1,1,1,1,1,1
Viola thomsonii Oudem.,1,1,1,,,,,1,1,1,1,1,1
Viola tricolor L.,1,1,1,1,1,,,1,1,1,1,1,1
Virgilia oroboides (Bergius) Salter,1,1,1,1,1,,,,1,1,1,1,1
Vitex agnus-castus L.,1,1,1,1,1,,,1,,,,,
Vitex megapotamica (Spreng.) Moldenke,1,1,1,,,,,,,,,,
Vitex negundo L.,1,1,1,1,1,1,,1,1,1,1,1,1
Vitex parviflora A.Juss.,1,1,1,,1,,,1,,,,,
Vitis vinifera L.,1,1,1,1,,1,,1,1,1,1,1,1
Vittadinia australis A.Rich.,1,1,1,,1,,,,,,,,
Vittadinia cuneata DC.,1,1,,,,,,1,,,,,
Volkameria aculeata L.,1,1,1,1,1,,,1,1,1,1,1,1
Volkameria glabra (E.Mey.) Mabb. & Y.W.Yuan,1,1,1,,1,,,,,,,,
Volkameria heterophylla Poir.,1,1,,1,,,,1,1,1,1,1,1
Vulpia bromoides (L.) Gray,1,1,1,1,,,1,1,,,,,
Waltheria indica L.,1,1,1,1,,,,1,1,1,1,1,1
Washingtonia robusta H.Wendl.,1,1,1,,1,,,1,,,,,
Watsonia borbonica (Pourr.) Goldblatt,1,1,1,,1,,,1,,,,,
Weigela florida (Bunge) A.DC.,1,1,1,,1,,,1,,,,,
Wigandia urens (Ruiz & Pav.) Kunth,1,1,1,1,,,,1,,,,,
Wissadula contracta (Link) R.E.Fr.,1,1,,,,,,1,,,,,
Wissadula periplocifolia C.Presl,1,1,,,,,,1,1,1,1,1,1
Wisteria sinensis (Sims) Sweet,1,1,1,1,1,,1,1,1,1,1,1,1
Withania somnifera (L.) Dunal,1,1,1,1,1,,,1,1,1,1,1,1
Wolffia columbiana H.Karst.,1,1,1,,,,,,,,,,
Xanthium spinosum L.,1,1,1,1,1,,1,1,,,,,
Xanthium strumarium L.,1,1,1,1,1,,1,1,1,1,1,1,1
Xerochrysum bracteatum (Vent.) Tzvelev,1,1,1,1,1,1,,1,1,1,1,1,1
Youngia japonica (L.) DC.,1,1,1,,,,,1,1,1,1,1,1
Zamia furfuracea L.f. ex Aiton,1,1,1,,1,1,,,1,1,1,1,1
Zannichellia palustris L.,1,1,,1,,,,,1,1,1,1,1
Zantedeschia aethiopica (L.) Spreng.,1,1,1,,1,1,,1,,,,,
Zea mexicana (Schrad.) Kuntze,1,1,1,,,,,1,,,,,
Zephyranthes carinata Herb.,1,1,1,1,1,,,1,1,1,1,1,1
Zephyranthes rosea Lindl.,1,1,1,1,1,,,1,1,1,1,1,1
Zinnia angustifolia Kunth,1,1,1,,,,,,,,,,
Zinnia elegans L.,1,1,1,1,1,1,,1,1,1,1,1,1
Zinnia peruviana (L.) L.,1,1,1,1,1,,,1,1,1,1,1,1
Ziziphus jujuba Mill.,1,1,1,1,1,1,,1,1,1,1,1,1
Zornia gibbosa Span.,1,1,1,1,,,,1,1,1,1,1,1
Zoysia japonica Steud.,1,1,1,,1,,,,,,,,
